,smiles,y
0,Fc1ccccc1-c1n[nH]c2cnc(-c3cn[nH]c3)cc12,1
1,Cc1cnc(O)c(-c2cc3c(cn2)cnn3-c2cncc(N3CCCNCC3)n2)c1,1
2,c1ccc(Cn2cc(-c3ccc4[nH]nc(-c5ccccc5)c4c3)nn2)cc1,0
3,O=c1cc(C(F)(F)F)c2c(-c3cccc(C(F)(F)F)c3)n[nH]c2[nH]1,0
4,CC(=O)Nc1nc(C(=O)Nc2ccccc2N2CCCCC2)cs1,1
5,O=c1[nH]c2ccc(Cl)cc2c2ncnn12,0
6,c1cc2c(s1)CCc1cn[nH]c1-2,0
7,COc1ncc(-n2ncc3cnc(-c4cncc(C)n4)cc32)nc1N1CCCC(N)C1,1
8,CCCC(=O)Nc1n[nH]c2ccc(-c3cn(Cc4ccccc4)nn3)cc12,0
9,CCn1cc(-c2cc3c(-c4nc(N5CCCC(N)C5)ccc4Cl)n[nH]c3cn2)cn1,1
10,CCn1cc(-c2cc3c(-c4cc(C5CC5)ccn4)n[nH]c3cn2)cn1,1
11,CCc1ccc(F)c(-c2nc(C(=O)Nc3cnn(C)c3C3CCC(N)C(F)CO3)cs2)c1,1
12,c1ccc(-c2c(-c3ccc4[nH]ncc4c3)nc3ncccn23)cc1,0
13,O=c1cc(-c2ccc(F)cc2)[nH]c2c(-c3ccc(F)cc3)cnn12,1
14,COc1nccc(C)c1-c1nc(C(=O)Nc2cnn(C)c2N2CCCC(N)CC2)c(N)s1,1
15,Cc1c(-c2nc(C(=O)Nc3cnn(C)c3N3CCC(N)C(F)CC3)c(N)s2)cnn1C,1
16,NC(=O)c1cc2c(-c3ccc(F)cc3F)cncc2s1,0
17,Cn1ncc(NC(=O)c2nc(-c3c(F)cccc3F)sc2N)c1N1CC2CNCC(C1)O2,1
18,Cn1ncc(NC(=O)c2nc(-c3c(F)cccc3F)sc2N)c1N1CCCC(NCC(F)F)CC1,1
19,Clc1cc2nn[nH]c2cc1Cl,0
20,Cn1ncc(NC(=O)c2nc(-c3ccccc3F)ccc2N)c1N1CCC(N)C(F)CC1,1
21,NCC1CCCN(c2ccncc2-c2cc3c(-c4ccccc4F)n[nH]c3cn2)C1,0
22,Cn1ncc(NC(=O)c2nc(-c3c(F)cccc3F)sc2N)c1C1OCC(CO)CO1,1
23,c1cncc(-c2cc3c(-c4cccc(N5CCC(C6CCNCC6)CC5)n4)n[nH]c3cn2)c1,1
24,Cn1ncc(NC(=O)c2csc(-c3cnn(C4CC4)c3)n2)c1C1CCC(N)C(F)CO1,1
25,NCCCCNc1cccc(-c2n[nH]c3cnc(-c4cccnc4)cc23)n1,1
26,O=C(O)c1ccccc1Nc1ncnc(Nc2cccc(F)c2)n1,0
27,NC1CCN(c2cncc(-c3cc4c(-c5ccccc5F)n[nH]c4cn3)c2)CC1,1
28,Cc1cccc(CNC(=O)c2cnn3c(-c4ccccc4)ccnc23)c1C,0
29,O=C1Cc2c([nH]c3ccc(Br)cc23)-c2ccccc2N1,0
30,Cc1ccc(F)c(-c2n[nH]c3cnc(-c4cnn(C)c4)cc23)c1,1
31,CCc1ccc(-c2n[nH]c3cnc(-c4cnn(C)c4)cc23)nc1N1CCCC(N)C1,1
32,Cc1nc(-c2cc3c(cn2)cnn3-c2cccc(N3CCCNCC3)n2)cnc1N,1
33,Cc1cncc(-c2cc3c(cn2)cnn3-c2cccc(N3CC(O)C(O)C3)n2)n1,1
34,COc1cc(C=C(C#N)c2n[nH]c(N)c2C#N)ccc1O,0
35,COC1(CN)CCCN(c2c(NC(=O)c3nc(-c4c(F)cccc4F)sc3N)cnn2C)CC1,1
36,Cc1ccc(-c2n[nH]c3cnc(-c4cnn(C)c4)cc23)nc1N1CCCC(N)C1,1
37,FC(F)(F)c1ccc(-c2nnc3ccc(NC4CCCCC4)nn23)cc1,1
38,COc1ccc(C=C2C(=O)ON=C2c2ccc(Br)cc2)cc1,0
39,CN1CCCN(C(=O)c2cccc(-c3ccc(/C=C4/C(=O)Nc5ccc(Cl)cc54)o3)c2)CC1,1
40,NC(=O)c1cccc2[nH]c(-c3ccc(C4CCCCN4)cc3F)nc12,0
41,CN(Cc1cc(Cl)c(O)c2ncccc12)C1CCCCC1,0
42,CN(C)C(=O)c1ccc(F)c(-c2nc(C(=O)Nc3cnn(C)c3C3CCC(N)C(F)CO3)cs2)c1F,1
43,FC1CCNCC1c1cccc(-n2ncc3cnc(-c4cnn(CC(F)(F)F)c4)cc32)n1,1
44,Cn1cc(-c2cc3c(-c4cccc(N5CCNCC5)n4)n[nH]c3cn2)cn1,1
45,N#CCc1n[nH]c2cnc(-c3cn[nH]c3)cc12,0
46,CC(Nc1c(Nc2ccncc2)c(=O)c1=O)C(C)(C)C,0
47,Cn1ncc(NC(=O)c2nc(-c3c(F)cccc3F)sc2N)c1N1CCCN(C2CNC2)CC1,1
48,Cn1ncc(NC(=O)c2csc(-c3c(F)cccc3CO)n2)c1C1CCC(N)C(F)CO1,1
49,Fc1ccccc1-c1n[nH]c2cnc(-c3cnccc3OCC3CCCNC3)cc12,1
50,Cn1ncc(NC(=O)c2nc(-c3c(F)cccc3F)sc2N)c1C1CCCCC(F)(F)C1,1
51,c1cc(N2CCNCC2)nc(-n2ncc3cnc(-c4cncc(C5CC5)c4)cc32)c1,1
52,Nc1nccc(-c2ccncc2NC(=O)c2nc(-c3c(F)cccc3F)ccc2N)n1,1
53,CN(C)Cc1nc2c(sc3ccc(C(F)(F)F)cc32)c(=O)[nH]1,1
54,Cc1cncc(-c2cc3c(cn2)cnn3-c2cnc(C)c(N3CCCC(N)C3)n2)n1,1
55,CCN(CC)CCNC(=O)c1cccc(-n2nc(C(C)(C)C)cc2NC(=O)Nc2cccc3ccccc23)c1,0
56,CC(C)(CN)CNc1nc(Cl)cc(-c2c[nH]c3ncccc23)n1,0
57,Cc1ccc(C(=O)Nc2c(C(N)=O)sc3ccc(Cl)c(Cl)c23)cc1,0
58,COC1COC(c2c(NC(=O)c3nc(-c4c(F)ccc(F)c4F)sc3N)cnn2C)CCC1N,1
59,CC(=O)NC1CCCC(Nc2nc(Cl)cc(-c3c[nH]c4ncccc34)n2)C1,0
60,COc1cc2ncnc(Nc3ccc(F)c(Cl)c3)c2cc1OCCCN1CCOCC1,0
61,Cc1cncc(-c2cc3c(cn2)cnn3-c2cccc(N3CCCC4(CNC4)C3)n2)n1,1
62,Cn1cc(-c2cc3c(-c4cccc(N5CCC(N)(C(F)(F)F)C5)n4)n[nH]c3cn2)cn1,1
63,N=CC(NC(=O)c1nc(-c2cc(F)ccc2F)sc1N)/C(=N\CC(F)F)N1CCCC(O)CC1,1
64,CN1CCC1COc1cncc(CCc2ccncc2)c1,0
65,Cc1cncc(-c2cc3c(-c4cccc(N5CCCNCC5)n4)nsc3cn2)n1,1
66,Cn1ncc(NC(=O)c2nc(-c3cc(F)ccc3F)sc2N)c1N1CCNCC(F)(F)C1,1
67,N#CC(=Cc1ccc(O)c(O)c1)C(=O)NCc1ccccc1,0
68,O=c1[nH]c(CNc2ccccc2)nc2c1sc1ccc(Cl)cc12,1
69,O=C(O)C1CN(Cc2ccc(OCc3cccc(C(F)(F)F)c3)cc2Cl)C1,1
70,CC(=O)NC1(C)CCCN(c2c(NC(=O)c3nc(-c4ncccc4F)sc3N)cnn2C)CC1,1
71,CCn1ncc(NC(=O)c2nc(-c3ccccc3F)sc2N)c1N1CCCC(N)CC1,1
72,Fc1ccc(-c2cc3c(-c4cccc(N5CCNCC5)n4)n[nH]c3cn2)cn1,1
73,NC(=O)c1cc2ccncc2s1,0
74,Fc1ccccc1-c1n[nH]c2cnc(-c3cncc(NC4CCNCC4)c3)cc12,1
75,Cn1ncc(NC(=O)c2ccc(F)c(-c3c(F)cc(C4(O)COC4)cc3F)n2)c1C1CCC(N)C(F)CO1,1
76,O=c1[nH]c2cc(Cl)cc(Cl)c2c(-c2cc(Cl)ccc2O)c1O,0
77,COc1ccc(OC)c(NC(=O)c2cnn3c(-c4ccccc4)ccnc23)c1,0
78,Cc1cncc(-c2cc3c(cn2)cnn3-c2cccc(N3CC(N)CCC3C)n2)n1,1
79,Cc1cncc(-c2cc3c(cn2)cnn3-c2cccc(N3CCNC(C)C3)n2)n1,1
80,Nc1n[nH]c2ccc(-c3nnn(Cc4ccccc4)c3-c3ccccc3)cc12,0
81,Cc1cc(-c2cc3c(cn2)cnn3-c2cccc(N3CCCNCC3)n2)sn1,1
82,Cc1cncc(-c2cc3c(cn2)cnn3-c2cccc(C3(F)CCCNC3)n2)n1,1
83,CCn1cc(-c2cc3c(cn2)cnn3-c2cccc(N3CCCC(N)CC3)n2)cn1,1
84,CNC(=O)C1(N)CCN(c2cccc(-c3n[nH]c4cnc(-c5cccnc5)cc34)n2)CC1,1
85,C=Cc1ccc2sc3c(=O)[nH]c(CN(C)C)nc3c2c1,1
86,CN(C)Cc1nc2c(sc3ccc(N4CCCCC4)cc32)c(=O)[nH]1,0
87,Cc1cncc(-c2cc3c(cn2)cnn3-c2ccc(Cl)c(N3CCCC(N)C3)n2)n1,1
88,COc1ccc(C=C2C(=O)ON=C2c2ccc(Br)cc2)cc1OC,0
89,Cc1cncc(-c2cc3c(cn2)cnn3-c2cc(C3COC3)cc(N3CCCC(N)C3)n2)n1,1
90,Cc1cncc(-c2cc3c(cn2)cnn3-c2ccc(C(F)(F)F)c(N3CCNCC(O)C3)n2)n1,1
91,COC1COC(c2c(NC(=O)c3csc(-c4ncccc4C)n3)cnn2C)CCC1N,1
92,NC1CCCN(c2c(/C=C3\SC(=O)NC3=O)cccc2-c2ccccc2)C1,1
93,c1cc(-c2n[nH]c3cnc(C4CCOC4)cc23)nc(N2CCNCC2)c1,1
94,Cc1n[nH]c2ccc(-c3cncc(OCC(N)Cc4cccc(OC(F)(F)F)c4)c3)cc12,1
95,CCOC(=O)c1cccc2[nH]c(-c3ccc(N4CCC(N)C4)cc3)nc12,0
96,Cn1ncc(NC(=O)c2ccc(F)c(-c3cc(F)ccc3F)n2)c1C1CCC(N)C(F)CO1,1
97,Cn1ncc(NC(=O)c2nc(-c3c(F)cccc3F)sc2N)c1N1CCC(N)CC2(CCO2)C1,1
98,COc1cccc(C(C)NC(=O)c2cc(C)c(-c3ccc4[nH]nc(C)c4c3)s2)c1,0
99,Cn1ncc(NC(=O)c2nc(-c3c(F)cccc3F)sc2N)c1N1CCCN(C(=O)CN)CC1,1
100,Cc1nc(-c2ccc3[nH]ncc3c2)cs1,0
101,Cc1n[nH]c2ccc(-c3cncc(OCC(N)Cc4ccc(Cl)c(Cl)c4)c3)cc12,1
102,CCC(N)(C#Cc1cnc(N)c2c(-c3ccc(NC(=O)Nc4cccc(C)c4)cc3)csc12)CC,0
103,Cn1ncc(NC(=O)c2nc(-c3c(F)ccc(C4CC4)c3F)sc2N)c1N1CCCC(N)CC1,1
104,CC1CN(c2cccc(-n3ncc4cnc(-c5cncc(C6COC6)c5)cc43)n2)CCN1,1
105,NC(=O)c1cccc2c1Nc1nnc(Cl)cc1C(=O)N2,0
106,NCC1CCN(c2cncc(-c3n[nH]c4cnc(-c5cccnc5)cc34)c2)C1,1
107,Cc1c(Cl)c(N2CCC(CN)C2)nc2[nH]cc(C(=O)O)c(=O)c12,0
108,C=Cc1ccc(-c2n[nH]c3cnc(-c4cccnc4)cc23)nc1N1CCCC(N)C1,1
109,Cc1c[nH]c2cnc(-c3cccnc3)cc12,0
110,Cn1ncc(NC(=O)c2csc(-c3cccc4c3cnn4C)n2)c1C1CCC(N)C(F)CO1,1
111,CN(C)Cc1nc2c(sc3ccc(-c4cccc(OC(F)(F)F)c4)cc32)c(=O)[nH]1,1
112,OCCNc1cc2cc(-c3cccnc3)ccc2cn1,0
113,Cn1ncc(NC(=O)c2nc(-c3c(F)cccc3F)sc2N)c1N1CCCS(=O)(=O)CC1,1
114,Cc1[nH]nc(-c2nc(C(=O)Nc3cnn(C)c3C3CCC(N)C(F)CO3)cs2)c1C,1
115,Cn1ncc(NC(=O)c2nc(-c3c(F)cccc3F)sc2N)c1N1CCCN(CCN)CC1,1
116,Cn1ncc(NC(=O)c2nc(-c3ccncc3F)sc2N)c1C12CCC(N)C(CC1)O2,1
117,Cn1ncc(NC(=O)c2nc(-c3cccc(C#N)n3)sc2N)c1N1CCC(N)CC(F)(F)C1,1
118,CN(C)CCc1nc2c(sc3ccc(Cl)cc32)c(=O)[nH]1,1
119,CN(C)Cc1nc2c(sc3ccc(-c4cccnc4)cc32)c(=O)[nH]1,1
120,Cn1ncc(NC(=O)c2csc(-c3cc(F)ccc3F)n2)c1C1CCC(N)C(F)CO1,1
121,COC1COC(c2c(NC(=O)c3nc(-c4cc(F)cc(F)c4F)sc3N)cnn2C)CCC1N,1
122,OC1CCN(c2ncnc3[nH]cc(-c4ccccc4)c23)CC1,0
123,CCn1cc(-c2cc3c(-c4cccc(N5CCN(C6COC6)CC5)n4)n[nH]c3cn2)cn1,1
124,NC1CCC(Nc2cc(Cl)nc(-c3c[nH]c4ncccc34)n2)CC1,1
125,Cc1c(-c2nc(C(=O)Nc3cnn(C)c3C3CCC(N)C(F)CO3)cs2)cnn1C,1
126,c1cc2[nH]ncc2cc1-c1c[nH]nn1,0
127,Cc1c(C=O)c(O)n2c(nc3ccccc32)c1C#N,0
128,c1cncc(-c2cc3c(-c4cccc(N5CCOCC5)n4)n[nH]c3cn2)c1,1
129,FC(F)n1cc(-c2cc3c(cn2)cnn3-c2cccc(N3CCCNCC3)n2)cn1,1
130,c1cn2c(NC3CCCCC3)c(-c3ccc4[nH]ncc4c3)nc2s1,0
131,Cn1ncc(NC(=O)c2csc(-c3c(F)ccc4[nH]ccc34)n2)c1C1CCC(N)C(F)CO1,1
132,Cn1ncc(NC(=O)c2nc(-c3c(F)cccc3F)sc2N)c1C1CCC(O)C(O)CO1,1
133,CS(=O)(=O)c1cncc(-c2cc3c(-c4cccc(N5CCNCC5)n4)n[nH]c3cn2)c1,1
134,Cn1ncc(NC(=O)c2nc(-c3c(F)cccc3F)sc2N)c1C1CCC(N)CCO1,1
135,Cn1ncc(NC(=O)c2nc(-c3c(F)cccc3F)sc2N)c1N1CCCNCC1,1
136,Cc1cccc(NC(=O)Nc2ccc3c(c2)CCc2sc4ncnc(N)c4c2-3)c1,0
137,Cc1cccc(NC(=O)Nc2ccc(-c3coc4ncnc(N)c34)cc2)c1,0
138,Cc1cnc(C)c(-c2nc(C(=O)Nc3cnn(C)c3N3CCC(N)C(F)CC3)c(N)s2)c1,1
139,Cn1ncc(NC(=O)c2csc(-c3ccc(F)cc3F)n2)c1C1CCC(N)C(F)CO1,1
140,CN1CCN(c2cc3c(-c4cccc(N5CCNCC5)n4)n[nH]c3cn2)CC1=O,1
141,O=S(=O)(Nc1ccc2c(c1)C(=NO)c1ccccc1-2)c1cccc(Br)c1,0
142,Cn1ncc(NC(=O)c2nc(-c3c(F)cccc3F)sc2N)c1C1=CCCCO1,1
143,CCn1c(-c2nonc2N)nc2cncc(C(=O)N3CCC(N)C3)c21,1
144,Cn1ncc(NC(=O)c2nc(-c3ccccc3F)ccc2N)c1OC1CCNCC1,1
145,c1cc(-c2n[nH]c3cnc(-c4cnn(C5CC5)c4)cc23)nc(N2CCNCC2)c1,1
146,OCCOc1cncc(-c2cc3c(cn2)cnn3-c2cccc(N3CCNCC3)n2)n1,1
147,Cc1cncc(-c2cc3c(cn2)cnn3-c2ccc(C(F)(F)F)c(N3CCCC(N)C3)n2)n1,1
148,CC(=O)Nc1ccc(-c2nc(C(=O)Nc3cnn(C)c3C3CCC(N)C(F)CO3)cs2)cn1,1
149,O=C1CNCCN1c1cc2c(-c3cccc(N4CCNCC4)n3)n[nH]c2cn1,0
150,Nc1nccc2scc(-c3ccc(NC(=O)Nc4cccc(F)c4)cc3)c12,0
151,c1cc(N2CCCNCC2)nc(-n2ncc3cnc(-c4cn[nH]c4)cc32)c1,1
152,Cn1ncc(NC(=O)c2nc(-c3c(F)cccc3Cl)sc2N)c1C1CCC(N)C(F)CO1,1
153,O=c1[nH]c(CN2CCC(O)CC2)nc2c1sc1ccc(Cl)cc12,1
154,Nc1cc(-c2c[nH]c3ncccc23)cc(Cl)n1,0
155,Cc1cncc(-c2cc3c(cn2)cnn3-c2ccc(C)c(N3CCCC(N)C3=O)n2)n1,1
156,Cc1ccc(F)c(-c2nc(C(=O)Nc3cnn(C)c3N3CCCC(N)CC3)c(N)s2)c1F,1
157,Cc1cncc(-c2cc3c(cn2)cnn3-c2ccc(C(F)F)c(N3CCCC(N)C3)n2)n1,1
158,Cn1ncc(NC(=O)c2nc(-c3cccc(F)c3F)sc2N)c1C1CCC(N)C(F)CO1,1
159,NC(=O)c1cc2c(-c3ccc(F)cc3)cncc2s1,0
160,NC(COc1cncc(C=Cc2ccncc2)c1)Cc1ccccc1,0
161,O=C1NC(=O)C(c2cnc3ccccn23)=C1c1cn2c3c(cc(F)cc13)CN(C(=O)N1CCCCC1)CC2,0
162,O=C(Nc1n[nH]c2ccc(-c3cn(Cc4ccccc4)nn3)cc12)c1cc(F)ccc1F,0
163,COc1ccc(F)c(-c2nc(C(=O)Nc3cnn(C)c3C3CCC(N)C(OC)CO3)cs2)c1F,1
164,Cn1ncc(NC(=O)c2nc(-c3c(F)cccc3F)sc2N)c1C1CCC(O)CCO1,1
165,CN(C)Cc1nc2c(sc3ccc(-c4ccccc4)cc32)c(=O)[nH]1,1
166,NC(=O)Cn1cc(-c2cc3c(cn2)cnn3-c2cccc(N3CCCNCC3)n2)cn1,1
167,Nc1cccnc1C(=O)Nc1ccccc1N1CCCCC1,0
168,Fc1cccc(-c2c[nH]c3ncccc23)c1,0
169,O=C(O)c1cccc2c(-c3ccccc3)c(-c3ccccc3)[nH]c12,0
170,CCn1cncc(-c2cc3c(-c4cccc(N5CCNCC5)n4)n[nH]c3cn2)c1=O,1
171,C=Cc1ccc(-c2n[nH]c3cnc(-c4cnn(CC)c4)cc23)nc1N1CCCC(N)C1,1
172,Cc1ccccc1NC(=O)Nc1ccc(NC(=O)c2csc3ncnc(N)c23)cc1,0
173,Nc1n[nH]c2ccc(-c3nnn(Cc4ccccc4)c3C3CC3)cc12,0
174,N#CCc1n[nH]c2cnc(-c3cccnc3)cc12,0
175,O=c1[nH]c(CNc2cccc(O)c2)nc2c1sc1ccc(Br)cc12,1
176,O=C1CCCCN1c1n[nH]c2cnc(-c3cccnc3)cc12,0
177,C=Cc1ccc(-c2n[nH]c3cnc(-c4cnn(C)c4)cc23)nc1N1CCCC(N)C1,1
178,COc1ccc(-c2ccc(NC(=O)Nc3ccc(F)c(C)c3)cc2)c2c(N)noc12,0
179,CCn1cc(-c2cc3c(-c4cccc(N5CCNCC(C#N)C5)n4)n[nH]c3cn2)cn1,1
180,CS(=O)(=O)NC1CCCC(Nc2nc(Cl)cc(-c3c[nH]c4ncccc34)n2)C1,0
181,c1cc(N2CCNCC2)nc(-n2ncc3cnc(-c4cncc(C5CC5)n4)cc32)c1,1
182,NC(=O)c1ccc(Nc2ncnc3[nH]cc(-c4ccccc4)c23)cc1,0
183,N#CC1=C(N)n2c(sc(=Cc3ccco3)c2=O)=C(C(N)=O)C1c1ccco1,0
184,Cn1ncc(NC(=O)c2csc(-c3ccccn3)n2)c1C1CCC(N)C(F)CO1,1
185,c1cc(-c2n[nH]c3cnc(-c4cnn(CC5COC5)c4)cc23)nc(N2CCNCC2)c1,1
186,Cc1cncc(-c2cc3c(cn2)cnn3-c2cccc(NC3CCNCC3)n2)n1,1
187,Cn1nc(C(F)(F)F)c2c(=O)c3cc(Cl)ccc3n(O)c21,0
188,CCn1cc(-c2cc3c(cn2)cnn3-c2cccc(N3CCC(O)CC3)n2)cn1,1
189,COC(=O)c1c(-c2ccc(NC(=O)Nc3ccccc3)cc2)c2c(N)ncnn2c1C,0
190,CNC1CCN(c2nc3[nH]cc(C(=O)O)c(=O)c3c(C)c2Br)C1,0
191,O=c1cncc(-c2cc3c(cn2)cnn3-c2cccc(N3CCNCC3)n2)[nH]1,1
192,O=c1[nH]c(CNc2cccc(O)c2)nc2c1sc1ccc(-c3ccsc3)cc12,1
193,NC(=O)c1cccc2[nH]c(-c3ccncc3)nc12,0
194,Cc1ccc(-c2n[nH]c3cnc(-c4cccnc4)cc23)nc1F,1
195,NC1CCCC1Oc1cncc(-c2cc3c(cn2)cnn3-c2ccccn2)n1,1
196,O=c1[nH]c(CN2CCC(O)C2)nc2c1sc1ccc(-c3ccsc3)cc12,1
197,NC(Cc1cccc2ccccc12)C(=O)Nc1cncc(C=Cc2ccncc2)c1,0
198,c1cncc(-c2cc3c(CNC4CCNCC4)n[nH]c3cn2)c1,0
199,Cn1ncc(NC(=O)c2csc(-c3c(F)cc(C(C)(F)F)cc3F)n2)c1C1CCC(N)C(F)CO1,1
200,Cn1cc(-c2cc3c(-c4ccc(Br)c(N5CC(N6CCNC(=O)C6)C5)n4)n[nH]c3cn2)cn1,1
201,Cn1ncc(NC(=O)c2csc(-c3cc(Cl)ccc3F)n2)c1C1CCC(N)C(F)CO1,1
202,O=c1[nH]c2ccc(Cl)cc2c(-c2ccccc2)c1C1=NNC(c2ccccc2)C1,0
203,NC1CCCN(c2cncc(-c3cc4c(-c5ccccc5F)n[nH]c4cn3)c2)C1,1
204,O=C1NCCc2[nH]c(-c3ccnc(C=Cc4ccccc4)c3)cc21,0
205,COc1cccc(NC(=O)N2CCC(c3nc4c(C(N)=O)cccc4[nH]3)CC2)c1,0
206,Oc1c2ccccc2c2c3c(cccc13)N=N2,0
207,Nc1cncc(-c2ccncc2NC(=O)c2nc(-c3ccccc3F)ccc2N)n1,1
208,CCc1ccc2sc3c(=O)[nH]c(CN(C)C)nc3c2c1,1
209,C=Cc1cncc(-c2cc3c(cn2)cnn3-c2cccc(N3CCNCC3)n2)n1,1
210,COc1cc(-c2ccc3c(c2)Nc2c(O)cccc2NC3=O)ccc1O,0
211,Cn1ncc(NC(=O)c2nc(-c3c(F)cccc3F)sc2N)c1N1CCNCCC1=O,1
212,CN(C)Cc1nc2c(sc3ccc(-c4ccc(N(C)C)cc4)cc32)c(=O)[nH]1,1
213,O=C(Nc1ccc(F)cc1)c1cnn2c(O)cc(C3CCNCC3)nc12,1
214,Cc1ccccc1-c1c(-c2ccc3[nH]nc(C)c3c2)nnn1Cc1ccccc1,0
215,Cn1ncc(NC(=O)c2nc(-c3c(F)cccc3F)sc2N)c1OC1CCNCC1,1
216,Cc1ccc(F)c(-c2nc(C(=O)Nc3cnn(C)c3C3CCC(N)C(F)CO3)cs2)c1F,1
217,N#Cc1cc2c(-c3cccc(N4CCNCC4)n3)n[nH]c2cn1,1
218,Cn1ncc(NC(=O)c2nc(-c3c(F)cccc3F)sc2N)c1N1CCCC(NCC(F)(F)F)CC1,1
219,Cc1nnc(-c2cc3c(Oc4ccc(C(F)(F)F)cc4)cncc3s2)o1,0
220,CCOC(=O)c1cn(-c2ccc(O)cc2C)c2cc(-c3ccccc3)ccc2c1=O,0
221,Cc1cncc(-c2cc3c(cn2)cnn3-c2ccc(C#N)c(N3CCCC(N)C3)n2)n1,1
222,Cc1cncc(-c2cc3c(cn2)cnn3-c2ccc(C)c(N3CCCC(N)C3)n2)n1,1
223,CC(Nc1cncc(-n2cnc3ccc(C#N)cc32)n1)c1ccccc1F,0
224,N#Cc1ncc2nc1OCCCCCOc1cc(OCCO)c(Cl)cc1NC(=O)N2,0
225,Nc1sc(-c2c(F)cccc2F)nc1C(=O)Nc1cnn(CC(F)(F)F)c1N1CCCCC(N)C1,1
226,O=C(Nc1ccccc1)Nc1ccccn1,0
227,Cc1cncc(-c2cc3c(cn2)cnn3-c2cccc(C3CNCCC3O)n2)n1,1
228,NCCNS(=O)(=O)c1cccc(C(=O)Nc2ccc(-c3n[nH]c(=O)c4ccccc34)cc2)c1,0
229,Cn1ncc(NC(=O)c2ccc(F)c(-c3cccc(F)c3Cl)n2)c1C1CCC(N)C(F)CO1,1
230,CN(C)Cc1nc2c(sc3ccc(-c4ccc(N)cc4)cc32)c(=O)[nH]1,1
231,Cn1ncc(NC(=O)c2nc(-c3c(F)cccc3F)sc2N)c1N1CCC2(CC1)CNCCO2,1
232,CN1CCN(c2cc3c(-c4cnn(C)c4)n[nH]c3cn2)CC1=O,0
233,NC(COc1cncc(-c2ccc3c(c2)CC(=O)N3)c1)Cc1c[nH]c2ccccc12,1
234,Cn1cc(-c2cc3c(-c4cccc(N5CCCC(N)C5)c4)n[nH]c3cn2)cn1,1
235,Cn1ncc(NC(=O)c2csc(-c3cccc(-c4cccc(Cl)c4F)c3F)n2)c1C1CCC(N)C(F)CO1,1
236,CN(C)Cc1nc2c(sc3ccc(-c4cccc(O)c4)cc32)c(=O)[nH]1,1
237,CCn1cc(-c2cc3c(-c4cc(CO)ccn4)n[nH]c3cn2)cn1,1
238,CN1CCN(c2nc(-c3n[nH]c4cnc(-c5cccnc5)cc34)ccc2Cl)CC1,1
239,CN(Cc1ccccc1)c1cc(-c2c[nH]c3ncccc23)cc(Cl)n1,0
240,Cn1ncc(NC(=O)c2nc(Cl)cnc2N)c1N1CCCC(N)C1,0
241,COc1cccc(-c2nnc3ccc(NC4CC4)nn23)c1,0
242,FC(F)(F)c1cccc(CNc2cc(-c3c[nH]c4ncccc34)ncn2)c1,0
243,c1ccc(-c2n[nH]c3cnc(-c4cncs4)cc23)nc1,1
244,CNC1CC2OC(C)(C1OC)n1c3ccccc3c3c4c(c5c6ccccc6n2c5c31)C(=O)NC4,0
245,Cc1nc2c(sc3c(Br)ccc(Cl)c32)c(=O)o1,0
246,Cn1ncc(NC(=O)c2nc(-c3c(F)cccc3F)sc2N)c1C1=CCOCC1,1
247,CCc1ccnc(-c2n[nH]c3cnc(-c4cnn(CC)c4)cc23)c1,1
248,O=C1Cc2cc(-c3ccccc3)cnc2N1,0
249,Cn1ncc(NC(=O)c2ccc(F)c(-c3cccc(F)c3F)n2)c1C1CCC(N)C(F)CO1,1
250,Cc1cncc(-c2cc3c(cnn3-c3cccc(N4CCCNCC4)n3)nn2)n1,1
251,FC(F)(F)Cn1cc(-c2cc3c(cn2)cnn3-c2cccc(N3CC4(CCCCN4)C3)n2)cn1,1
252,Cc1cncc(-c2cc3c(cn2)cnn3-c2cnc(Cl)c(N3CCCC(N)C3)n2)n1,1
253,Cn1ncc(NC(=O)c2nc(-c3c(F)cccc3F)sc2N)c1C1CCCCO1,1
254,FC(F)(F)Cn1cc(-c2cc3c(cn2)cnn3-c2cncc(N3CCCNCC3)n2)cn1,1
255,Cn1ncc(NC(=O)c2nc(-c3c(F)cccc3F)sc2N)c1N1CC2CCC(C1)O2,1
256,NCC1CCCCN1c1cccc(-c2n[nH]c3cnc(-c4cccnc4)cc23)n1,1
257,C1=C(c2n[nH]c3cnc(-c4cccnc4)cc23)CCO1,1
258,O=C(Nc1cccc(Cl)c1)Nc1nc(CCNc2ncnc3ccsc23)cs1,0
259,CC1C(c2c(NC(=O)c3nc(-c4c(F)cccc4F)sc3N)cnn2C)OCC(C)(O)C1N,1
260,c1ccc(Nc2ccnc(Nc3ccccc3)n2)cc1,0
261,c1nc(-c2ccc3c(c2)OCO3)c2cc[nH]c2n1,0
262,NCCCNS(=O)(=O)c1cccc(C(=O)Nc2ccc(-c3n[nH]c(=O)c4ccccc34)cc2)c1,0
263,CCc1cncc(-c2cc3c(cn2)cnn3-c2ccc(Cl)c(N3CCCC(N)C3)n2)c1,1
264,Nc1cc(=O)[nH]n1-c1ccccn1,0
265,Cn1cc(-c2cc3c(-c4cccc(N5CCC(O)CC5)n4)n[nH]c3cn2)cn1,1
266,Oc1cccc(Nc2ncnc3scc(Cl)c23)c1,0
267,NC(=O)c1cc(-c2ccnc(N)n2)[nH]c1-c1ccc(Cl)cc1Cl,0
268,CCn1cc(-c2cc3c(cn2)cnn3-c2cccc(NC3CCCCNC3)n2)cn1,1
269,CC(C)Cn1c(N)nc2c(F)cc(-c3c(-c4ccc(F)cc4)nc4sccn34)cc21,0
270,OCc1cncc(-c2cc3c(cn2)cnn3-c2cccc(N3CCNCC3)n2)n1,1
271,OCC(O)c1cncc(-c2cc3c(cn2)cnn3-c2cccc(N3CCNCC3)n2)n1,1
272,Cc1cncc(-c2cc3c(-c4cccc(N5CCNCC5)n4)n[nH]c3cn2)c1,1
273,CCc1nc2c(c3cc(OC)c(OC)cc13)C(=O)NC2=O,0
274,O=c1[nH]c2sccc2c2nc(-c3ccncc3)nn12,0
275,Cn1cc(-c2cc3c(-c4ccc(Br)c(N5CC(N6CCS(=O)(=O)CC6)C5)n4)n[nH]c3cn2)cn1,1
276,Cn1ncc(NC(=O)c2nc(-c3c(F)cccc3F)sc2N)c1N1CCC(O)C(C)(N)CC1,1
277,Cn1ncc(NC(=O)c2nc(-c3ccc(C(F)(F)F)cc3F)sc2N)c1C1CCC(N)C(F)CO1,1
278,c1cncc(-c2cc3c(-c4cnn(C5CCNCC5)c4)n[nH]c3cn2)c1,1
279,CC(=O)N(c1ccncc1)c1c(NC(C)C(C)(C)C)c(=O)c1=O,0
280,c1ccc(-c2cc3c(-c4ccccn4)n[nH]c3cn2)nc1,0
281,O=C(Nc1cnccn1)Nc1ccnc2ccc(C(F)(F)F)cc12,0
282,CCn1cc(-c2cc3c(-c4cc(C(F)(F)F)ccn4)n[nH]c3cn2)cn1,1
283,CN(C)CC(=O)NC1CCCC(Nc2nc(Cl)cc(-c3c[nH]c4ncccc34)n2)C1,0
284,CC(=O)Nc1ccc(-n2nc3ccc(N)nc3n2)cc1,0
285,CSc1nc(Nc2cccc(Cl)c2)c2cnn(CCc3ccccc3)c2n1,0
286,FC(F)(F)c1cccc(-c2nnc3ccc(NC4CCNCC4)nn23)c1,1
287,CCn1c2cc(Cl)c(F)cc2c(=O)c2c(=O)on(Cc3cccc(O)c3)c21,0
288,CC(C)(CN)CNc1cc(-c2c[nH]c3ncccc23)cc(Cl)n1,0
289,NCCn1cc(-c2cc(-c3cc4ccccc4s3)c3[nH]ncc3c2)c2nc(N)ncc21,0
290,CCn1cc(-c2cc3c(-c4cc(C)ccn4)n[nH]c3cn2)cn1,1
291,Cc1ccc(F)c(-c2nc(C(=O)Nc3cnn(C)c3N3CCNCC(F)(F)C3)c(N)s2)c1,1
292,Nc1ccc(C2CCCCC2)nc1C(=O)Nc1cnccc1C1CCCC(N)C1,1
293,CC1OC(c2c(NC(=O)c3csc(-c4c(F)cccc4F)n3)cnn2C)CC(N)C1(C)O,1
294,NC1CCCN(c2cccc(-c3n[nH]c4cnc(N5CCNC(=O)C5)cc34)n2)C1,1
295,CSc1nc(Nc2ccccc2)c2cnn(CC(C)c3ccccc3)c2n1,0
296,Clc1cc(-c2c[nH]c3ncccc23)nc(NC2CCOCC2)n1,0
297,Cc1cccc(Nc2nc(NC3CCCCC3N)cnc2C(N)=O)c1,0
298,NC(=O)c1cc2c(-c3ccc(Br)cc3)cncc2s1,0
299,Cc1ccc2[nH]c(=O)c(CC(=O)O)c(-c3ccccc3)c2c1,0
300,Cn1cc(-c2cc3c(-c4ccnc(C5CCNCC5)n4)n[nH]c3cn2)cn1,1
301,CCOC(=O)c1c[nH]n2c(=O)cc(-c3ccncc3)nc12,0
302,Cn1ncc(NC(=O)c2nc(-c3ccccc3)sc2N)c1C1CCC(N)C(F)CO1,1
303,c1ccc(Cn2nnc(-c3ccc4[nH]ncc4c3)c2C2CC2)cc1,0
304,CC(C)c1ccc(-c2n[nH]c3cnc(-c4cccnc4)cc23)nc1N1CCCC(N)C1,1
305,CN1CCC(N(C)c2ccc3nnc(-c4cccc(C(F)(F)F)c4)n3n2)CC1,1
306,CCc1cc(-c2[nH]nc(C)c2-c2ccc3c(c2)OCCO3)c(O)cc1O,0
307,N#Cc1cc(-c2n[nH]c3cnc(-c4cccnc4)cc23)cc(N2CCNCC2)c1,1
308,CCn1c2cc(Cl)c(F)cc2c(=O)c2c(=O)on(CCO)c21,0
309,Cc1cc(Cl)ccc1NC(=S)NNC(=O)C(O)(c1ccccc1)c1ccccc1,0
310,CC(C)n1cc(-c2cc3c(-c4cccc(N5CCNCC5)n4)n[nH]c3cn2)cn1,1
311,NCCNc1cc(-c2n[nH]c3cnc(-c4cccnc4)cc23)ccn1,1
312,CCn1cc(-c2cc3c(-c4cccc(N5CC(N)CC(F)C5)n4)n[nH]c3cn2)cn1,1
313,Clc1ccccc1Cn1cc(-c2ccc3[nH]ncc3c2)nn1,0
314,Cn1cc(-c2cc3c(-c4ccc(Br)c(N5CC(N)CC(F)C5)n4)n[nH]c3cn2)cn1,1
315,NCC1CCN(c2cncc(-c3cc4c(-c5ccccc5F)n[nH]c4cn3)c2)C1,1
316,Cn1ncc(NC(=O)c2csc(-c3cnc4cccnc4c3)n2)c1C1CCC(N)C(F)CO1,1
317,Cn1ncc(NC(=O)c2nc(-c3ccccc3F)cnc2N)c1N1CCC(N)CC1,1
318,CN(C)CC(=O)Nc1n[nH]c2ccc(-c3cn(Cc4ccccc4)nn3)cc12,0
319,Cc1ccc(-c2n[nH]c3cnc(-c4cnn(C)c4)cc23)nc1N1CCNCC1,1
320,c1cc(N2CCCNCC2)nc(-n2ncc3cnc(-c4cncnc4)cc32)c1,1
321,NC(=O)c1cccc2[nH]c(-c3ccc(NC(=O)c4cccc(S(=O)(=O)N5CCOCC5)c4)cc3)nc12,0
322,C1=C(c2n[nH]c3cnc(-c4cccnc4)cc23)CCCO1,1
323,NC(=O)c1sc2c(Br)ccc(Cl)c2c1N,0
324,C#Cc1ccc2sc3c(=O)[nH]c(CN(C)C)nc3c2c1,1
325,Nc1n[nH]c2ccc(-c3cc(Cc4ccccc4)no3)cc12,0
326,Cc1nn(C)cc1-c1nc(C(=O)Nc2cnn(C)c2C2CCC(N)C(F)CO2)cs1,1
327,c1cncc(-c2cc3c(-c4cccnc4)n[nH]c3cn2)c1,1
328,Cn1ncc(NC(=O)c2nc(-c3c(F)cccc3F)sc2N)c1N1CCCC(F)(CN)CC1,1
329,O=C(O)c1ccccc1Nc1ccnc(Nc2cccc(O)c2)n1,0
330,COC1CCN(c2c(NC(=O)c3nc(-c4cc(C)ccc4F)sc3N)cnn2C)CCC1N,1
331,O=C1CCCN1c1n[nH]c2cnc(-c3cccnc3)cc12,1
332,Cc1n[nH]c2ccc(-c3cncc(OCC(N)Cc4cccc(Cl)c4)c3)cc12,1
333,OCc1cc(-c2ccc3[nH]ncc3c2)on1,0
334,Cc1cncc(-c2cc3c(cn2)cnn3-c2cccc(N3CC4(CCNC4)C3)n2)n1,1
335,Clc1ccc(OCC2CN(Cc3c[nH]c4ncccc34)CCO2)cc1,0
336,Cn1cc(-c2cc3c(-c4ccccn4)n[nH]c3cn2)cn1,1
337,NC1CCCN(c2nc(-c3n[nH]c4cnc(-c5cccnc5)cc34)ccc2C(F)(F)F)C1,1
338,c1cncc(-c2cc3c(-c4cncc(NC5CCNCC5)c4)n[nH]c3cn2)c1,1
339,Cc1cccc(-c2nc(C(=O)Nc3cnn(C)c3C3CCC(N)C(F)CO3)cs2)c1F,1
340,CCCCNc1cc(-c2ccncc2)cc2[nH]nc(N)c12,0
341,CCn1ncc(NC(=O)c2nc(-c3ccccc3F)sc2N)c1N1CCC(N)C(F)CC1,1
342,CN(C)CC(=O)NC(COc1cncc(-c2ccc3cnccc3c2)c1)Cc1c[nH]c2ccccc12,0
343,COC1CCN(c2c(NC(=O)c3nc(-c4cc(F)ccc4F)sc3N)cnn2C)CCC1N,1
344,Cn1ncc(NC(=O)c2nc(-c3c(F)cccc3F)sc2N)c1N1CCC2NCCOC2CC1,1
345,Cn1cc(-c2cc3c(cn2)cnn3-c2cccc(N3CCNCC(O)C3)n2)cn1,1
346,CCCC(=O)Nc1n[nH]c2ccc(-c3cccc(F)c3F)cc12,0
347,CC(C)(O)CNc1cc(-c2c[nH]c3ncccc23)cc(Cl)n1,0
348,COc1cc(-c2ccc3c(c2)Nc2ccc(C(=O)NCc4cccc(F)c4)cc2NC3=O)ccc1O,0
349,Cn1cc(-c2cc3c(-c4cccc(N5CCC(CN)CC5)n4)n[nH]c3cn2)cn1,1
350,NCC1CCCN(c2ccncc2NC(=O)c2nccnc2N)C1,1
351,Cc1cncc(-c2cc3c(cn2)cnn3-c2cccc(N3CC(N)CCC3=O)n2)n1,1
352,COC1(c2c(NC(=O)c3nc(-c4c(F)cccc4F)sc3N)cnn2C)CCCCO1,1
353,Cn1ncc(NC(=O)c2nc(-c3c(F)cccc3F)sc2N)c1N1CCCC2(CNC2)C1,1
354,COc1cccc(CNC(=O)c2cc3c(-c4ccccc4)n[nH]c3s2)c1,0
355,c1ccc(C2Cc3cn[nH]c3C2)cc1,0
356,Cc1cccc(NC(=O)Nc2ccc(-c3csc4c(C#CCN(C)C)cnc(N)c34)cc2)c1,0
357,Cn1cc(-c2nc(C(=O)Nc3cnn(C)c3C3CCC(N)C(F)CO3)cs2)c(C(F)(F)F)n1,1
358,Cn1cc(-c2cc3c(cn2)cnn3-c2cccc(C3CCCNCC3)n2)cn1,1
359,NC(Cc1c[nH]c2ccccc12)C(=O)Nc1cncc(C=Cc2ccncc2)c1,0
360,Nc1nccnc1C(=O)Nc1ccccc1N1CCCCC1,0
361,Nc1ncnc(Nc2cc(CNC(=O)C(F)(F)F)c(O)c(-c3ccc(Cl)cc3)c2)n1,0
362,Cn1cc(-c2cc3c(cn2)cnn3-c2cccc(N3CC4(CNC4)C3)n2)cn1,1
363,OCC#Cc1cncc(-c2cc3c(cn2)cnn3-c2cccc(N3CCNCC3)n2)n1,1
364,Cc1ccncc1-c1nc(C(=O)Nc2cnn(C)c2N2CCC(N)C(F)CC2)c(N)s1,1
365,Cn1ncc(NC(=O)c2nc(-c3c(F)cccc3F)sc2N)c1C1OCC(C)(CO)CO1,1
366,Cn1ncc(NC(=O)c2csc(-c3n[nH]c4ccccc34)n2)c1C1CCC(N)C(F)CO1,1
367,COC1CC(N)CCN(c2c(NC(=O)c3nc(-c4c(F)cccc4F)sc3N)cnn2C)C1,1
368,C=CCNc1cc(-c2c[nH]c3ncccc23)cc(Cl)n1,0
369,Oc1ccc(Cl)cc1C1=NNC(c2ccc3c(c2)OCCO3)C1,0
370,Cc1cc(-c2nc(C(=O)Nc3cnn(C)c3N3CCC(N)C(F)CC3)c(N)s2)cc(C)n1,1
371,OCCNc1cc(-c2c[nH]c3ncccc23)cc(Cl)n1,0
372,O=C(O)c1ccccc1Nc1ccnc(Nc2cccc(F)c2)n1,0
373,OCCn1cc(-c2cc3c(cn2)cnn3-c2cccc(N3CCCNCC3)n2)cn1,1
374,COc1ccc(F)c(-c2nc(C(=O)Nc3cnn(C)c3C3CCC(N)C(F)CO3)cs2)c1,1
375,COc1cccc(C=C2SC(=Nc3ccccc3)NC2=O)c1,0
376,Nc1nccnc1C(=O)Nc1cnccc1N1CCCCC1,1
377,NC(=O)Cn1cc(-c2cc(-c3cc4ccccc4s3)c3[nH]ncc3c2)c2nc(N)ncc21,0
378,O=C1NC(=O)C(c2c[nH]c3ccccc23)=C1c1nc(N2CCNCC2)nc2ccccc12,1
379,Cc1cc(-c2nc(C(=O)Nc3cnn(C)c3N3CCC(N)CC(F)(F)C3)c(N)s2)ccn1,1
380,CC(=O)c1ccccc1-c1ncnc2[nH]ccc12,0
381,Nc1sc(-c2c(F)cccc2F)nc1C(=O)Nc1cnccc1N1CCCC(N)C1,1
382,Cn1ncc(NC(=O)c2nc(-c3c(Cl)cccc3C(F)(F)F)sc2N)c1C1CCC(N)C(F)CO1,1
383,O=C(O)c1cc2c(-c3cccc(F)c3)cncc2s1,0
384,O=c1[nH]c(CNc2cccc(O)c2)nc2c1sc1ccc(-c3ccccc3)cc12,1
385,Cn1ncc(NC(=O)c2csc(-c3cc(=O)n(C)cc3F)n2)c1C1CCC(N)C(F)CO1,1
386,Cn1ncc(-c2cc3c(cn2)cnn3-c2ccccc2F)c1N1CCC(N)CC1,1
387,O=C1C(=NNc2cccc3c(=O)[nH][nH]c(=O)c23)C(c2ccccc2)=NN1c1ccccc1,0
388,NCCOc1cncc(-c2cc3c(cn2)cnn3-c2cccc(N3CCNCC3)n2)n1,1
389,Nc1nc(-c2ccc3[nH]ncc3c2)cs1,0
390,Cn1ncc(NC(=O)c2ccc(F)c(-c3c(F)cc(C4(F)COC4)cc3F)n2)c1C1CCC(N)C(F)CO1,1
391,Nc1sc(-c2cc(F)ccc2F)nc1C(=O)Nc1cnn(C2CC2)c1N1CCC(N)C(F)CC1,1
392,Cc1cscc1-c1ccc2sc3c(=O)[nH]c(CN(C)C)nc3c2c1,1
393,Cn1ncc(NC(=O)c2nc(-c3c(F)cccc3F)sc2N)c1N1CCC(F)C(C)(N)CC1,1
394,Cn1ncc(NC(=O)c2csc(-n3cc4c(n3)CCCC4)n2)c1C1CCC(N)C(F)CO1,1
395,COCCn1cc(-c2cc3c(-c4cccc(N5CCNCC5)n4)n[nH]c3cn2)cn1,1
396,Cn1ncc(NC(=O)c2nc(-c3ccccc3F)ccc2N)c1N1CCC(N)C1,1
397,CC(C)(CN)Cn1cc(-c2n[nH]c3cnc(-c4cccnc4)cc23)ccc1=O,1
398,Cn1ncc(NC(=O)c2csc(-c3cccc(F)c3-c3cccc(F)c3Cl)n2)c1C1CCC(N)C(F)CO1,0
399,COc1cc(C=C(C#N)c2nc3cc(C)ccc3[nH]2)c(Br)cc1O,0
400,Cn1ncc(NC(=O)c2nc(-c3cc(Cl)ccc3F)sc2N)c1C1CCC(N)C(F)CO1,1
401,Nc1cccnc1C(=O)Nc1cnccc1N1CCCC(N)C1,1
402,c1cc(N2CCNCC2)nc(-n2ncc3cnc(-c4cnccn4)cc32)c1,1
403,NCCC1CCN(c2cccc(-c3n[nH]c4cnc(-c5cccnc5)cc34)n2)C1,1
404,Cc1nn(C)c2sc3c(=O)[nH]cnc3c12,0
405,O=C(Nc1c[nH]c2ncccc12)c1cnn2ccc(NCCc3ccccc3)nc12,1
406,Cn1ncc(NC(=O)c2csc(-c3c(F)cc(C4(O)COC4)cc3F)n2)c1C1CCC(N)C(F)CO1,1
407,Cc1ccc(F)c(-c2nc(C(=O)Nc3cnn(C)c3C3CCC(N)C(F)CO3)cs2)c1,1
408,Cn1cc(-c2cc3c(cn2)cnn3-c2cccc(C3(O)CCCNCC3)n2)cn1,1
409,NC1CCCN(c2nc(-c3n[nH]c4cnc(-c5cccnc5)cc34)ccc2C2CC2)C1,1
410,Cc1nc2c(sc3ccc(Cl)cc32)c(=O)[nH]1,0
411,Cc1n[nH]c2ncc(C#N)c(-c3ccccc3)c12,0
412,Nc1ncc(-c2cnn(CCO)c2)c2scc(-c3ccc(NC(=O)Nc4ccc(OC(F)F)cc4)cc3)c12,0
413,c1ccc(-c2n[nH]c3cnc(-c4cncnc4)cc23)cc1,0
414,Fc1ccccc1-c1n[nH]c2cnc(-c3cnccc3NCC3CCNCC3)cc12,1
415,COc1ccc(C=C2SC(=Nc3ccccc3)NC2=O)cc1O,0
416,Fc1ccc(-c2nnc3ccc(NC4CC4)nn23)cc1,0
417,CCC(=O)c1cc(F)c(-c2nc(C(=O)Nc3cnn(C)c3C3CCC(N)C(F)CO3)ccc2F)c(F)c1,1
418,CC(c1ccccc1)c1ccc2sc3c(=O)[nH]c(CN(C)C)nc3c2c1,1
419,CCn1cc(-c2cc3c(-c4cccc(N5CCNC(C)(C)C5)n4)n[nH]c3cn2)cn1,1
420,O=c1c(NCc2ccccc2F)c(Nc2ccncc2)c1=O,0
421,Cc1cncc(-c2cc3c(cn2)cnn3-c2cc(N3CCCC(N)C3)c(=O)n(C)c2)n1,0
422,Cn1ncc(NC(=O)c2nc(-c3cccc(C#N)n3)sc2N)c1N1CCC(N)C(F)CC1,1
423,O=C(O)c1csc2c1NCCNC2=O,0
424,NCCNC(=O)c1cccc(-c2n[nH]c3cnc(-c4cccnc4)cc23)n1,1
425,OCCC(Nc1nc2ccc(-c3ccncc3)cc2s1)c1ccccc1,0
426,Fc1ccccc1-c1n[nH]c2cnc(-c3cnccc3OC3CNC3)cc12,1
427,COc1cccc(OC)c1CNc1nc(NC2CCCCC2)nc2ccc(Cl)cc12,0
428,Fc1cccc(-c2n[nH]c3cnc(-c4cccnc4)cc23)n1,1
429,NC(COc1cncc(C=Cc2ccncc2)c1)Cc1c[nH]c2ccccc12,0
430,CN(C)Cc1nc2c(sc3ccc(-c4ccc(O)c(F)c4)cc32)c(=O)[nH]1,1
431,COC1CCC2(c3c(NC(=O)c4nc(-c5ccccc5F)sc4N)cnn3C)CCC1N2,1
432,Cc1n[nH]c2cnc(-c3cnn(C4COC4)c3)cc12,0
433,OC1CN(c2cccc(-c3n[nH]c4cnc(-c5cccnc5)cc34)n2)CCC1F,1
434,NC(COc1cncc(-c2cc3cnccc3s2)c1)Cc1c[nH]c2ccccc12,1
435,CCn1cc(-c2cc3c(-c4ccc(C)c(N5CC(N)CC(F)C5)n4)n[nH]c3cn2)cn1,1
436,COCCNc1cc(-c2c[nH]c3ncccc23)cc(Cl)n1,0
437,Cn1cc(-c2cc3c(-c4cccc(N5CCC(N)C5)n4)n[nH]c3cn2)cn1,1
438,FCCn1cc(-c2cc3c(cn2)cnn3-c2cccc(N3CCCNCC3)n2)cn1,1
439,Cn1ncc(NC(=O)c2ccc(F)c(-c3c(F)cccc3F)n2)c1C1CCC(N)C(F)CO1,1
440,COc1cccc(-c2nc(C(=O)Nc3cnn(C)c3C3CCC(N)C(F)CO3)cs2)c1F,1
441,CN1CCN(c2cc3c(-c4ccccc4)n[nH]c3cn2)CC1=O,0
442,CCCn1cc(-c2cc3c(-c4cccc(N5CCNCC5)n4)n[nH]c3cn2)cn1,1
443,Cc1cccc(NC(=O)Nc2ccc(-c3csc4c(C#CCN)cnc(N)c34)cc2)c1,0
444,Cn1ncc(NC(=O)c2csc(-c3cc[nH]n3)n2)c1C1CCC(N)C(F)CO1,1
445,Cn1ccc(-c2n[nH]c3cnc(-c4cncc(N5CCC(N)CC5)n4)cc23)n1,1
446,Cc1c(O)cccc1NCc1nc2c(sc3ccc(Cl)cc32)c(=O)[nH]1,1
447,CCOC1CCN(c2c(NC(=O)c3nc(-c4c(F)cccc4F)sc3N)cnn2C)CCC1N,1
448,Cn1ncc(NC(=O)c2nc(-c3cncc(F)c3)sc2N)c1N1CCCC(N)CC1,1
449,Cc1cccc(F)c1-c1nc(C(=O)Nc2cnn(C)c2C2CCC(N)C(F)CO2)cs1,1
450,Cn1cc(-c2nc(C(=O)Nc3cnn(C)c3C3CCC(N)C(F)CO3)cs2)c(C2CC2)n1,1
451,COc1ccc(-n2ncc3cnc(-c4cncc(C)n4)cc32)nc1N1CCCC(N)C1,1
452,COc1ccc(-c2ccc(N)cc2)c2cnoc12,0
453,Cn1cc(NC(=O)c2nc(-c3c(F)cccc3F)sc2N)cn1,1
454,Cn1ncc(NC(=O)c2csc(-c3cccc(C(F)(F)F)n3)n2)c1C1CCC(N)C(F)CO1,1
455,CC(=O)Nc1c(C(N)=O)sc2ccc(Cl)c(Cl)c12,0
456,CNC1CCN(c2c(NC(=O)c3nc(-c4c(F)cccc4F)sc3N)cnn2C)CC(F)(F)C1,1
457,CC(O)C#Cc1c(Cl)c2c(Cl)cc(C(N)=O)nc2n1C1CCCNC1,1
458,NS(=O)(=O)c1cccc(Nc2ncc3ccn(-c4ccccc4)c3n2)c1,0
459,CCn1c(-c2nonc2N)nc2cnc(Oc3cccc(NC(=O)c4ccc(OCCN5CCOCC5)cc4)c3)cc21,0
460,Cc1sc(-c2c(F)cccc2F)nc1C(=O)Nc1cnn(C)c1C1CCC(N)C(F)CO1,1
461,Cn1ncc(NC(=O)c2nc(-c3c(F)cncc3F)sc2N)c1N1CCC(N)CC(F)(F)C1,1
462,NC1CCCN(c2cccc(-n3ncc4cnc(-c5cncs5)cc43)n2)C1,1
463,O=c1[nH]cnc2ccc(Br)cc12,0
464,O=C(O)c1cc2c(-c3ccccc3)cncc2s1,0
465,Cc1cc2nnc(SCc3cn4ccccc4n3)n2c2ccccc12,0
466,CN(C)C(=O)c1cc(F)c(-c2nc(C(=O)Nc3cnn(C)c3C3CCC(N)C(F)CO3)cs2)c(F)c1,1
467,CN1CCN(c2cc3c(-c4ccccn4)n[nH]c3cn2)CC1=O,0
468,Cc1ccc(-c2n[nH]c3cnc(-c4cccnc4)cc23)nc1N1CCCC(N)C1,1
469,Fc1cccc(Cn2cc(-c3ccc4[nH]ncc4c3)nn2)c1,0
470,OC1(c2cccc(-c3n[nH]c4cnc(-c5cccnc5)cc34)n2)CCNCC1,0
471,CC1=NN(c2ccc(Cl)c(Cl)c2)C(=O)C1=Cc1c(C)c(C#N)c2nc3ccccc3n2c1O,0
472,Cc1n[nH]c2ccc(-c3cncc(OCCN(C)S(C)(=O)=O)c3)cc12,0
473,NC(=O)c1cc(-c2cccc(N)c2)cc2cccnc12,0
474,O=C(NCCc1cccs1)N1CC=C(c2c[nH]c3ncccc23)CC1,0
475,NC(=O)c1ccccc1Nc1nc(Nc2ccccc2)ncc1C(F)(F)F,0
476,CC(C)(C)n1cc(-c2cc3c(cn2)cnn3-c2cccc(N3CCCNCC3)n2)cn1,1
477,NCCC(=O)N1CCN(c2ccncc2NC(=O)c2nccnc2N)CC1,1
478,CCn1c2cc(Cl)c(F)cc2c(=O)c2c(=O)on(Cc3ccccc3)c21,0
479,CCc1ccc(-c2n[nH]c3cnc(-c4cccnc4)cc23)nc1N1CCCC(N)C1,1
480,CSc1ccc2nc3c(c(Cl)c2c1)CCNC3=O,1
481,CCn1cc(-c2cc3c(-c4ccc(C(C)C)c(N5CCCC(N)C5)n4)n[nH]c3cn2)cn1,1
482,Nc1n[nH]c2ccc(-c3nnn(Cc4ccccc4)c3I)cc12,0
483,Cc1ccc(-c2n[nH]c3cnc(-c4cnn(C)c4)cc23)nc1N1CCN(CCS(C)(=O)=O)C(C)(C)C1,1
484,CCn1cc(-c2cc3c(-c4cccc(N5CCCCC(N)C5)n4)n[nH]c3cn2)cn1,1
485,Cc1n[nH]c2ccc(-c3cccnc3)cc12,0
486,Cc1ccc(-c2n[nH]c3cnc(-c4cccnc4)cc23)nc1N1CCN(C)CC1,1
487,NC1CCCC1Nc1cncc(-c2cc3c(cn2)cnn3-c2ccccn2)n1,1
488,CN1CCN(CCCNc2cccc(-c3nc4c(C(N)=O)cccc4[nH]3)n2)CC1,0
489,O=C1NC(=O)/C(=C/c2cccc(C(F)(F)F)c2)S1,1
490,c1cncc(-c2cc3c(-c4cn[nH]c4)n[nH]c3cn2)c1,1
491,NC(=O)c1sc(-n2cnc3ccccc32)cc1OCc1ccccc1C(F)(F)F,0
492,FC(F)(F)c1cccc(-c2n[nH]c3cnc(-c4cccnc4)cc23)c1,1
493,CCN1CCN(CCCC(=O)Nc2n[nH]c3nnc(-c4cccc(F)c4F)cc23)CC1,0
494,O=C(Nc1c[nH]c2ccc(-c3c(F)cccc3F)nc12)c1cnn2ccc(NCC3CCNCC3)nc12,1
495,Cn1ncc(NC(=O)c2nc(-c3c(F)cccc3F)sc2N)c1N1CCCC(NCC2(C)COC2)CC1,1
496,COCc1nnn(-c2nonc2N)c1C(=O)NN=C(C)c1ccc(O)cc1O,0
497,C=C(C)c1ccc(-c2n[nH]c3cnc(-c4cnn(C)c4)cc23)nc1N1CCCC(N)C1,1
498,Cn1cc(-c2cc3c(-c4cccc(N5CCOCC5)n4)n[nH]c3cn2)cn1,1
499,COc1cc(C=C2SC(=S)NC2=O)ccc1O,1
500,Cc1cncc(-c2cc3c(cn2)cnn3-c2cccc(N3CCC4(CCCN4)CC3)n2)n1,1
501,CCc1cncc(-c2cc3c(cn2)cnn3-c2cccc(N3CCCNCC3)n2)n1,1
502,NC(=O)c1cc2c(-c3ccc(Nc4nc5ccccc5o4)cc3)cnc(N)c2s1,0
503,CC(C)c1cncc(-c2cc3c(cn2)cnn3-c2cccc(N3CCCNCC3)n2)c1,1
504,Nc1nnc(-c2cc3c(Oc4ccc(Cl)cc4)cncc3s2)o1,0
505,CN(C)c1cc2sncc2cc1NC(=O)C(=O)O,0
506,CN(C)CC1CCn2cc(c3ccccc32)C2=C(C(=O)NC2=O)c2cn(c3ccccc23)CCO1,1
507,Cc1cncc(-c2cc3c(cn2)cnn3-c2cccc(N3CCCNCC3)n2)n1,1
508,c1ccc(Cn2cc(-c3ccc4[nH]nc(-c5cn(Cc6ccccc6)nn5)c4c3)nn2)cc1,0
509,CCn1cc(-c2cc3c(-c4ccc(=O)n(CC5(C(N)=O)CCC5)c4)n[nH]c3cn2)cn1,1
510,CCC1CN(c2cccc(-n3ncc4cnc(-c5cnn(CC)c5)cc43)n2)CCN1,1
511,O=C(NN=Cc1cc(Br)c(O)c(Br)c1)Nc1ccccc1,0
512,CNC1CCCN(c2c(NC(=O)c3nc(-c4cc(F)ccc4F)sc3N)cnn2CC(F)F)CC1,1
513,O=C(NC1CNC1)c1cccc(-c2n[nH]c3cnc(-c4cccnc4)cc23)n1,1
514,CSc1nn(-c2ccccn2)c(N)c1C(N)=O,0
515,O=c1[nH]c(CN2CCCNC2)nc2c1sc1ccc(Cl)cc12,1
516,Cn1ncc(NC(=O)c2nc(-c3cc(C#N)ccc3F)sc2N)c1N1CCC(N)C(F)CC1,1
517,Cc1ccc(-c2n[nH]c3cnc(-c4cccnc4)cc23)nc1,1
518,Cc1nc2ccc(NS(=O)(=O)c3ccc(N)cc3)cc2nc1C,0
519,Cc1cccc(CNc2cc(-c3c[nH]c4ncccc34)cc(Cl)n2)c1C,0
520,Cc1cncc(-c2cnc3cnn(-c4cccc(N5CCCNCC5)n4)c3c2)n1,1
521,CC(C)C(=O)c1cc(F)c(-c2nc(C(=O)Nc3cnn(C)c3C3CCC(N)C(F)CO3)cs2)c(F)c1,1
522,O=C(Nc1c[nH]c2ncc(-c3c(F)cccc3F)cc12)c1cnn2ccc(OCC3CCNCC3)nc12,1
523,Nc1ccc(Oc2ccccc2)nc1C(=O)Nc1cnccc1N1CCCC(N)C1,1
524,Cn1cc(-c2nc(C(=O)Nc3cnn(C)c3N3CCCC(N)CC3)c(N)s2)cn1,1
525,CCn1cc(-c2cc3c(-c4cccc(N5CCN(C)CC5)n4)n[nH]c3cn2)cn1,1
526,NCCCOc1cncc(C=Cc2ccncc2)c1,0
527,O=C(Nc1ccccc1)Nc1nccs1,0
528,Cc1ccc(NC(=O)Nc2ccc(-c3cccc4c3CNC4=O)cc2)cc1C,0
529,CN1CCN(c2n[nH]c3cnc(-c4cccnc4)cc23)C1=O,1
530,Oc1ccc(Nc2ncnc3scc(Cl)c23)cc1,0
531,O=C(Nc1cnc2[nH]cc(-c3ccccc3)c2c1)c1c(F)cccc1F,0
532,c1cc(-c2n[nH]c3cnc(-c4cnn(CC5CC5)c4)cc23)nc(N2CCNCC2)c1,1
533,COc1ccc2c(NC(=O)Nc3cccc(Br)n3)ccnc2c1,0
534,Cn1ncc(NC(=O)c2nc(-c3c(F)cccc3F)sc2N)c1N1CCC(CN)C1,1
535,c1ccc(-c2n[nH]c3cnc(-n4cncn4)cc23)cc1,0
536,FC(F)(F)Cn1cc(-c2cc3c(cn2)cnn3-c2cccc(N3CCCNCC3)n2)cn1,1
537,c1cn2c(NC3CCCCC3)c(-c3ccc4[nH]ncc4c3)nc2cn1,0
538,O=C(Cc1cccs1)Nc1nc2ccccc2s1,0
539,O=c1[nH]c2cnc(-n3cnc4ccc(F)cc43)nc2n1C1CCOc2c(F)cccc21,0
540,COC1CCN(c2c(NC(=O)c3nc(-c4c(F)cccc4F)sc3N)cnn2C)CC2(CC2)C1N,1
541,Cn1ncc(NC(=O)c2csc(-c3cccc4cnn(C)c34)n2)c1C1CCC(N)C(F)CO1,1
542,Cc1c(O)ccc2c1CCCC2=NNC(=O)Cc1cccc2ccccc12,0
543,CC(C)Cn1c(N)nc2ccc(-c3c(-c4ccc(F)cc4)nc4sccn34)cc21,0
544,CNCCONC(=O)c1ccc(F)c(F)c1Nc1ccc(I)cc1F,0
545,CCN(CC)CCCNc1cccc(-c2nc3c(C(N)=O)cccc3[nH]2)n1,0
546,CN(C)c1ccc(-c2nc(C(=O)Nc3cnn(C)c3C3CCC(N)C(F)CO3)cs2)cn1,1
547,Nc1c(-c2ccccc2)c2cc(Cl)ccc2[nH]c1=O,0
548,CS(=O)(=O)c1ccc(-c2cncc3sc(C(N)=O)cc23)cc1,0
549,Cc1n[nH]c2cnc(-c3cnccn3)cc12,0
550,CN(C)C1CCC(Nc2nc(Cl)cc(-c3c[nH]c4ncccc34)n2)CC1,0
551,C=C(C)c1ccnc(-c2n[nH]c3cnc(-c4cnn(CC)c4)cc23)c1,1
552,CC(C)(C)Nc1c(Nc2ccnc(Nc3ccc(-c4ccncc4)cc3)n2)c(=O)c1=O,0
553,O=C1CC(c2ccc(Cl)cc2)Cc2[nH]c3cc(Cl)ccc3c(=O)c21,0
554,Cc1n[nH]c2ccc(-c3nnn(Cc4ccccc4)c3-c3ccc(F)cc3)cc12,0
555,c1cc(-c2n[nH]c3cnc(-c4cnn(C5CCC5)c4)cc23)nc(N2CCNCC2)c1,1
556,Clc1ccc(Cl)c(Cn2cc(-c3ccc4[nH]ncc4c3)nn2)c1,0
557,Cn1cc(-c2cc3c(-c4cccc(N5CC6CC5CN6)n4)n[nH]c3cn2)cn1,1
558,COc1cc(OC)c(Nc2ccc3nnc(-c4ccccc4)n3n2)cc1Cl,0
559,C(=Cc1cncc(OC2CCNC2)c1)c1ccncc1,0
560,O=c1[nH]c2cc(-c3ccccc3)cnc2[nH]1,0
561,Nc1ccc(-c2ccccc2F)nc1C(=O)Nc1cnccc1-c1ccncc1,1
562,CCCc1cc(-c2ccc3[nH]ncc3c2)on1,0
563,CC(C)(O)C1CCC(Nc2ccc3ncc(-c4cccc(C(F)(F)F)c4)n3n2)CC1,1
564,Fc1cncc(-c2cc3c(-c4cccc(N5CCNCC5)n4)n[nH]c3cn2)c1,1
565,NC1CCCN(c2nccc(-c3n[nH]c4cnc(-c5cccnc5)cc34)n2)C1,1
566,CCN(CC)CCNC(=O)C=Cc1cnc(N)c2c(-c3ccc(NC(=O)Nc4cccc(C)c4)cc3)csc12,0
567,c1ccc(-c2n[nH]c3cnc(-c4ccoc4)cc23)cc1,1
568,Cn1ncc(NC(=O)c2nc(-c3c(F)cccc3F)sc2N)c1N1CCCC(NCCO)CC1,1
569,Cc1cccc(-c2[nH]c(-c3ccnc(N)n3)cc2C(N)=O)c1C,0
570,Cc1cc(=O)n2ccc(CN(C)C)c(O)c2n1,1
571,CN(C)Cc1nc2c(sc3ccc(-c4ccc(OC(F)(F)F)cc4)cc32)c(=O)[nH]1,1
572,CCn1ncc(NC(=O)c2nc(-c3ccccc3F)sc2N)c1N1CCC(N)C(OC)CC1,1
573,Cn1cc(-c2ccccc2)c2nc(-c3ccncc3)cc(=O)n21,0
574,Cc1cc(-c2ncnc3[nH]ccc23)ccc1F,0
575,COc1ccc(C(=O)N2c3ccccc3Sc3c(Cl)cncc32)cc1,0
576,NCC1CN(c2cccc(-n3ncc4cnc(-c5cnn(CC(F)(F)F)c5)cc43)n2)C1,1
577,Cn1cc(Nc2ncc(Cl)c(Nc3ccccc3C(N)=O)n2)cn1,0
578,CN(C)Cc1nc2c(sc3ccc(-c4ccc(Cl)c(F)c4)cc32)c(=O)[nH]1,1
579,Cn1ncc(NC(=O)c2nc(-c3c(F)cccc3F)sc2N)c1C1CCCCCC1,1
580,FC(F)(F)Cn1cc(-c2cc3c(cn2)cnn3-c2ccnc(N3CCCNCC3)n2)cn1,1
581,COC1COC(c2c(NC(=O)c3nc(-c4c(C)cccc4F)sc3N)cnn2C)CCC1N,1
582,Cc1n[nH]c2ccc(-c3cn[nH]c3)cc12,0
583,COc1ccc(-c2nnc3ccc(NC4CC4)nn23)cc1,0
584,CNC1CCCN(c2c(NC(=O)c3nc(-c4c(F)cccc4F)sc3N)cnn2CC(F)F)CC1,1
585,COCCN(CCOC)c1cc(-c2c[nH]c3ncccc23)cc(Cl)n1,0
586,Cc1ccc(CNc2ccc3nnc(-c4ccccc4)n3n2)cc1,0
587,CNC(=O)C=Cc1cnc(N)c2c(-c3cc(F)c4[nH]c(C)cc4c3)csc12,0
588,Cn1ncc(NC(=O)c2nc(-c3ccccc3C(F)F)sc2N)c1C1CCC(N)C(F)CO1,1
589,OC1CCN(c2cccc(-c3n[nH]c4cnc(-c5cccnc5)cc34)n2)CC1,1
590,COC1COC(c2c(NC(=O)c3csc(-c4c(F)ccc(F)c4F)n3)cnn2C)CCC1N,1
591,Nc1sc(-c2c(F)cccc2F)nc1C(=O)Nc1cnn(CCF)c1,1
592,COCCn1c(C)c(C)sc1=NC(=O)c1cc(SC)ccc1Cl,0
593,c1cc(N2CCNCC2)nc(-n2ncc3cnc(-c4cncs4)cc32)c1,1
594,CCC1CNCCN1/C(=N/C)C(C=N)NC(=O)c1nc(-c2c(F)cccc2F)sc1N,1
595,COc1cccc(-c2nc(C(=O)Nc3cnn(C)c3C3CCC(N)C(F)CO3)cs2)c1,1
596,Cc1ncccc1-c1nc(C(=O)Nc2cnn(C)c2N2CCC(N)C(F)CC2)c(N)s1,1
597,CCCOn1c2ccc(Cl)cc2c(=O)c2c(C)nn(C)c21,0
598,Cc1cccc(CNc2cc(-c3c[nH]c4ncccc34)ncn2)c1,0
599,COCc1cc(F)c(-c2nc(C(=O)Nc3cnn(C)c3C3CCC(N)C(F)CO3)ccc2F)c(F)c1,1
600,Cn1ncc(NC(=O)c2nc(-c3c(F)cccc3F)sc2N)c1N1CCCC(NCC2COC2)CC1,1
601,Fc1ccccc1-c1n[nH]c2cnc(-c3cnccc3OCCC3CCNCC3)cc12,1
602,CC(CCC(=O)O)(c1ccc(O)c(N)c1)c1ccc(O)c(N)c1,0
603,c1cc(N2CCCNCC2)nc(-n2ncc3cnc(-c4cnn(CC5COC5)c4)cc32)c1,0
604,Fc1ccccc1-c1n[nH]c2cnc(-c3cncs3)cc12,1
605,COc1cc(C=C(C#N)c2nc3ccccc3[nH]2)c(Br)cc1O,0
606,Cc1cncc(-c2cc3c(cn2)cnn3-c2cccc(N(C)C)n2)n1,1
607,OC1CNCCN(c2cccc(-n3ncc4cnc(-c5cncc(C6CC6)c5)cc43)n2)C1,1
608,Cc1ccc(-c2n[nH]c3cnc(-c4cnn(C)c4)cc23)nc1N1CC(N2CCS(=O)(=O)CC2)C1,1
609,CC(C)Oc1ccc(-c2noc(-c3ccc(NC4CCC(C(=O)O)C4)cc3)n2)cc1C(F)(F)F,0
610,CCCCOc1cc(-c2ccncc2)cc2[nH]nc(N)c12,0
611,O=c1[nH][nH]c2ccc(Br)cc12,0
612,COc1ccc(C(=O)Nc2ccccc2C(=O)O)cc1OC,0
613,O=c1[nH]cnc2c(Cl)cccc12,0
614,CCn1cc(-c2cc3c(-c4cccc(N5CCNC(CO)C5)n4)n[nH]c3cn2)cn1,1
615,COc1ccccc1NC(=O)c1cnn2c(-c3ccccc3)ccnc12,0
616,NC(=O)c1sc2ccc(Cl)c(Cl)c2c1NC(=O)c1ccc(Cl)cc1,0
617,Cc1ccccc1-c1ccc2sc3c(=O)[nH]c(CN(C)C)nc3c2c1,1
618,O=C(Nc1cccc(C(F)(F)F)n1)Nc1ccnc2c(F)cccc12,0
619,OC1CCCC1Nc1cncc(-c2cc3c(cn2)cnn3-c2cccc(N3CCNCC3)n2)n1,1
620,CNc1cccc(-c2n[nH]c3cnc(-c4cccnc4)cc23)n1,1
621,O=C1NS(=O)(=O)c2ccc(Cl)cc21,0
622,Cn1ncc(NC(=O)c2csc(-c3cccnc3)n2)c1C1CCC(N)C(F)CO1,1
623,Cn1ncc(NC(=O)c2nc(-c3ccccc3F)sc2N)c1N1CCCC(N)C1,1
624,O=c1cc(-c2cccc(F)c2)[nH]c2c(-c3ccc(F)cc3)cnn12,0
625,N#CC1=C(c2ccccc2)CC(c2ccc(Cl)cc2)C(C(=O)c2ccccc2)C1=O,0
626,NC(=O)Nc1cc2c(-c3cccc(N4CCCC(N)C4)n3)n[nH]c2cn1,1
627,Cn1ncc(NC(=O)c2nc(-c3ccccn3)sc2N)c1N1CCNCC(F)(F)C1,1
628,Cn1ncc(NC(=O)c2nc(-c3c(F)cccc3F)sc2N)c1OCC1CCNCC1,1
629,NC(COCc1ccccc1)COc1cncc(C=Cc2ccncc2)c1,0
630,Cn1ncc(NC(=O)c2csc(-c3cnn(CC(C)(C)O)c3)n2)c1C1CCC(N)C(F)CO1,1
631,NC(=O)c1cc2c(-c3ccccc3)cncc2s1,0
632,CS(=O)(=O)NCCNc1cc(-c2c[nH]c3ncccc23)cc(Cl)n1,0
633,COc1ccccc1C(=O)Nc1n[nH]c2ccc(-c3cn(Cc4ccccc4)nn3)cc12,0
634,Cn1ncc(NC(=O)c2csc(-c3c(F)cc4c(c3F)OCC4)n2)c1C1CCC(N)C(F)CO1,1
635,Cc1cncc(-c2cc3c(cn2)cnn3-c2cccc(N3CCCC4(CN(C=O)C4)C3)n2)n1,1
636,CN(C)Cc1nc2c(sc3ccc(-c4ccc(C#N)cc4)cc32)c(=O)[nH]1,1
637,CCn1cc(-c2cc3c(-c4ccccn4)n[nH]c3cn2)cn1,1
638,CCn1c2cc(Cl)c(O)cc2c(=O)c2c(=O)o[nH]c21,1
639,CC(C)(C)c1nc2c3ccc(F)cc3c3c(=O)[nH]ccc3c2[nH]1,0
640,COC1(CN)CCN(c2c(NC(=O)c3nc(-c4c(F)cccc4F)sc3N)cnn2C)CC1,1
641,N#Cc1ccc(Cc2cc(O)n3ncc(C(=O)Nc4c[nH]c5ncccc45)c3n2)cc1,1
642,COC1(C)CC(N)CCN(c2c(NC(=O)c3nc(-c4ccncc4F)sc3N)cnn2C)C1,1
643,c1cncc(-c2cc3cn[nH]c3cn2)c1,0
644,Fc1ccccc1Cn1cc(-c2ccc3[nH]ncc3c2)nn1,0
645,Nc1noc2cccc(-c3cccc(O)c3)c12,0
646,Nc1cc(-c2ccncc2NC(=O)c2nc(-c3c(F)cccc3F)ccc2N)ccn1,1
647,Cn1cc(-c2cc3c(cn2)cnn3-c2cccc(N3CC(N)C3)n2)cn1,1
648,CN1CC(c2cc3c(-c4ccccc4)n[nH]c3cn2)CC1=O,0
649,N#Cc1cncc(-c2cc3c(cn2)cnn3-c2cccc(N3CCNCC3)n2)n1,1
650,COc1ccc(-c2nc(C(=O)Nc3cnn(C)c3C3CCC(N)C(F)CO3)ccc2F)c(F)c1,1
651,CCOc1ccc(C=C2SC(=N)NC2=O)c(O)c1,0
652,O=C1NC(=S)SC1=C1C(=O)Nc2ccc(Br)cc21,1
653,NC(=O)c1cc(-c2cccs2)n2nccc2n1,0
654,c1cc(N2CCCNCC2)nc(-n2ncc3cnc(-c4cncc(C5COC5)c4)cc32)c1,1
655,CNC1CCCN(c2c(NC(=O)c3nc(-c4c(F)cccc4F)sc3N)cnn2C)CC1,1
656,NC(COc1cncc(-c2ccc(F)cc2)c1)Cc1c[nH]c2ccccc12,0
657,O=C(Nc1cccc(C2Nc3ccc4ccccc4c3C3C=CCC32)c1)c1ccc(F)cc1,0
658,Cn1cc(-c2cc3c(-c4cccc(N5CCC(N)CC5)n4)n[nH]c3cn2)cn1,1
659,COc1cc(C=C2SC(=Nc3ccccc3)NC2=O)ccc1O,0
660,Cc1cc(O)ccc1-n1c2cc(Cl)ccc2c(=O)c2c(N)nc(N)nc21,0
661,COC1(C)CC(N)CCN(c2c(NC(=O)c3nc(-c4c(F)cccc4F)sc3N)cnn2C)C1,1
662,C1=C(c2n[nH]c3cnc(-c4cccnc4)cc23)CCC1,1
663,O=C1NN=Cc2c[nH]c3cc(NC(=O)C4CC4c4ccccc4)cc1c23,0
664,Fc1ccccc1-c1n[nH]c2cnc(-c3cnc[nH]3)cc12,1
665,CC1=NN(c2ccc(C(=O)O)cc2)C(=O)C1=Cc1c(C)c(C#N)c2nc3ccccc3n2c1O,0
666,NC(=O)c1cccc(-c2n[nH]c3cnc(-c4cccnc4)cc23)c1,0
667,c1cncc(-c2cc3c(C4CCCC4)n[nH]c3cn2)c1,1
668,Fc1ccccc1-c1n[nH]c2cnc(-c3cncnc3)cc12,0
669,Cc1nn(C)c2c1c(=O)c1cc(Cl)ccc1n2OCC(C)C,0
670,CCOC(=O)Cc1nc2c3cc(Br)ccc3[nH]c(=O)n2n1,0
671,Cc1n[nH]c2cnc(-c3ccn[nH]3)cc12,0
672,CCn1cc(-c2cc3c(-c4cccc(N5CCNCC5)n4)n[nH]c3cn2)cn1,1
673,CN(C)Cc1nc2c(sc3ccc(-c4ccc(OCCCN)cc4)cc32)c(=O)[nH]1,1
674,CC(=O)Nc1nc(C(=O)Nc2cnc(N)cc2N2CCCCC2)cs1,0
675,Cn1ncc(NC(=O)c2csc(-c3cnn(C)c3C(F)(F)F)n2)c1C1CCC(N)C(F)CO1,1
676,O=C1NCCc2[nH]c(-c3ccnc(-c4cnc5ccccc5c4)c3)cc21,1
677,CCn1cc(-c2cc3c(-c4cncc(N5CCNCC5)n4)n[nH]c3cn2)cn1,1
678,Cn1ncc(NC(=O)c2nc(-c3cc(F)cc(F)c3F)sc2N)c1C1CCC(N)C(F)CO1,1
679,CC(=O)Nc1nc(C(=O)Nc2ccncc2N2CCCCC2)cs1,1
680,CN(C)Cc1nc2c(sc3ccc(-c4ccc[nH]4)cc32)c(=O)[nH]1,1
681,O=c1[nH]n2ccccc2c1Br,0
682,NC(=O)c1ccnc(-c2n[nH]c3cnc(-c4cccnc4)cc23)c1,1
683,CCn1cc(-c2cc3c(-c4ccc(C5CC5)c(N5CCCC(N)C5)n4)n[nH]c3cn2)cn1,1
684,Cc1cncc(-c2cc3c(cn2)cnn3-c2cccc(N3CCNC(C)CC3)n2)n1,1
685,COC1CCC(c2c(NC(=O)c3nc(-c4c(F)cccc4F)sc3N)cnn2C)OCC1N,1
686,O=C(O)c1ccccc1Nc1ncnc(Nc2ccc(F)cc2)n1,0
687,CN1CCN(c2nc(C3=C(c4c[nH]c5ccccc45)C(=O)NC3=O)c3ccccc3n2)CC1,0
688,O=c1[nH]cc(I)c2nc(-c3cccc(Cl)c3)cn12,0
689,Cc1ccc(-c2n[nH]c3cnc(-c4cnn(C)c4)cc23)nc1N1CC(N)CC(F)C1,1
690,COc1ccc(-n2ncc3cnc(-c4cncc(C)n4)cc32)nc1N1CCNCC(O)C1,1
691,Nc1sc(-c2cc(F)ccc2F)nc1C(=O)Nc1cnn(CC(F)F)c1N1CCCC(N)CC1,1
692,Cc1cncc(-c2cc3c(cn2)cnn3-c2cccc(N3CCC4(CCNC4)CC3)n2)n1,1
693,Cc1cccc(NC(=O)Nc2ccc(-c3cccc4c3CNC4=O)cc2)c1,0
694,Cn1cc(-c2cc3c(-c4cccc(N5CCCC(N)C5)n4)nn(C)c3cn2)cn1,1
695,CCc1cncc(-c2cc3c(cn2)cnn3-c2cccc(N3CCCC(N)C3)n2)n1,1
696,O=c1[nH]c(CN2CCOCC2)nc2c1sc1ccc(Cl)cc12,0
697,CC(C)(CNc1cc(-c2c[nH]c3ncccc23)cc(Cl)n1)CNS(C)(=O)=O,0
698,CC(=NNC(=N)N)c1cc(NC(=O)c2cccc(C(=O)Nc3cc(C(C)=NNC(=N)N)cc(C(C)=NNC(=N)N)c3)c2)cc(C(C)=NNC(=N)N)c1,1
699,CC(C)Cn1cc(-c2cc3c(-c4cccc(N5CCNCC5)n4)n[nH]c3cn2)cn1,1
700,COCC(C)Nc1cc(-c2c[nH]c3ncccc23)cc(Cl)n1,0
701,Cc1cc(-c2cc3c(cn2)cnn3-c2cccc(N3CCNCC3)n2)sn1,1
702,CS(=O)(=O)NCCOc1cncc(-c2ccc3cnccc3c2)c1,0
703,O=c1[nH]c(COc2cccc(O)c2)nc2c1sc1ccc(Cl)cc12,1
704,N#Cc1ccc(-c2ccc3sc4c(=O)[nH]c(CN5CCC(O)C5)nc4c3c2)cc1,1
705,N#Cc1cnc(NC(=O)Nc2ccc3cc(C(=O)O)ccc3c2)cn1,0
706,Cn1ncc(NC(=O)c2nc(-c3c(F)cccc3F)sc2N)c1C1CCC(N)COC1,1
707,NC1CCCCC1Nc1nc(Cl)cc(-c2c[nH]c3ncccc23)n1,0
708,Cn1ncc(NC(=O)c2csc(-c3c(F)cc(C4(F)COC4)cc3F)n2)c1C1CCC(N)C(F)CO1,1
709,O=C1NC(=O)C(c2cnc3ccccn23)=C1c1cn2c3c(cccc13)CN(C(=O)N1CCOCC1)CC2,0
710,Cc1cncc(-c2cc3c(cn2)cnn3-c2cccc(C3CCNCC3)n2)n1,1
711,CN1C(=O)CN(c2cc3c(-c4cccc(N5CCNCC5)n4)n[nH]c3cn2)C1=O,1
712,Clc1cc(-c2c[nH]c3ncccc23)cc(NCc2ccccc2)n1,0
713,CCCn1c(C2CCNCC2)nc(-c2ccc(Cl)c(Cl)c2)c1-c1ccnc(NC2CCCCC2)n1,0
714,Cc1cncc(-c2cc3c(cn2)cnn3-c2ccc(CO)c(N3CCCC(N)C3)n2)n1,1
715,COc1ncccc1-c1nc(C(=O)Nc2cnn(C)c2C2CCC(N)C(F)CO2)cs1,1
716,Cn1cc(-c2cc3c(cn2)cnn3-c2cccc(N3CCCNCC3)n2)cn1,1
717,O=C1CNCCN1c1cccc(-c2n[nH]c3cnc(-c4cccnc4)cc23)n1,1
718,O=C(O)c1ccccc1Nc1ccnc(Nc2ccc3cn[nH]c3c2)n1,0
719,COC1(c2cccc(-n3ncc4cnc(-c5cncc(C)n5)cc43)n2)CCCNC1,1
720,NC(=O)c1cccc2[nH]c(-c3ccc(C4CCCNC4)cc3F)nc12,0
721,Cn1ncc(NC(=O)c2csc(-c3c(F)cc(F)cc3F)n2)c1C1CCC(N)C(F)CO1,1
722,CC(C)n1cc(-c2nc(C(=O)Nc3cnn(C)c3C3CCC(N)C(F)CO3)c(N)s2)cn1,1
723,NCCC(C(=O)Nc1ccc2[nH]ncc2c1)c1ccc(Cl)c(Cl)c1,0
724,NC1CN(c2cccc(-c3n[nH]c4cnc(-c5cccnc5)cc34)n2)CCC1F,1
725,CCNC(=O)NC1CCC(Nc2nc(Cl)cc(-c3c[nH]c4ncccc34)n2)CC1,0
726,Cn1cc(-c2cc3c(-c4cccc(NCCc5c[nH]cn5)n4)n[nH]c3cn2)cn1,1
727,CCn1cc(-c2cc3c(-c4cccc(N5CC6CNCC6C5)n4)n[nH]c3cn2)cn1,1
728,Cn1ncc(NC(=O)c2nc(-c3c(F)cccc3F)sc2N)c1N1CCC(N)C(F)(F)CC1,1
729,CCNC(=O)c1n[nH]c(-c2cc(Cl)c(O)cc2O)c1-c1ccc(OC)cc1,0
730,Cn1cc(-c2cc3c(-c4cccc(N5CCCNCC5)n4)n[nH]c3cn2)cn1,1
731,c1cc(-c2n[nH]c3cnc(C4CCCO4)cc23)nc(N2CCNCC2)c1,1
732,Cc1cncc(-c2cc3c(cnn3-c3cccc(N4CCNCC4)n3)nn2)n1,1
733,COc1cc(-c2ccc3c(c2)Nc2ccc(C(=O)NCCCN(C)C)cc2NC3=O)ccc1O,0
734,CCc1ccc(-c2ccc3sc4c(=O)[nH]c(CN(C)C)nc4c3c2)cc1,1
735,CC(C)(C)Oc1cc(-c2ccncc2)cc2[nH]nc(N)c12,0
736,Cn1cc(-c2n[nH]c3cnc(-c4cncc(N5CCC(N)CC5)n4)cc23)cn1,1
737,CN(C)Cc1nc2c(sc3ccc(C#CCCCCN4CCCCC4)cc32)c(=O)[nH]1,1
738,CN1CCN(C2CCC(n3cc(-c4ccc(Oc5ccccc5)cc4)c4c(N)ncnc43)CC2)CC1,0
739,O=c1[nH]c(CN2CCC(O)C2)nc2c1sc1ccc(/C=C/C3CC3)cc12,1
740,Cc1ccc(NCc2nc3c(sc4ccc(Cl)cc43)c(=O)[nH]2)cc1O,1
741,O=C(NCC1CCCCC1)c1cc2c(-c3ccccc3)n[nH]c2s1,0
742,FCCn1cc(-c2cc3c(-c4cccc(N5CCNCC5)n4)n[nH]c3cn2)cn1,1
743,Oc1ccc(-c2n[nH]c(Nc3cccc(Cl)c3)c2-c2ccc(O)cc2)cc1,0
744,COc1ccc(C(=O)Nc2nc3ccc(Cl)cc3s2)c(OC)c1,0
745,Clc1ccc(CNc2ccc3nnc(-c4ccccc4)n3n2)cc1,0
746,COc1cc2c(cc1Nc1nc(Nc3cccc(F)c3C(N)=O)c3cc[nH]c3n1)N(C(=O)CN(C)C)CC2,0
747,COc1cc(C2C(C(C)=O)=C(O)C(=O)N2CCc2c[nH]c3ccccc23)ccc1O,0
748,COc1ccc2c(c1)c(-c1cc3nc(Br)cnc3[nH]1)cn2C,0
749,C/N=C(\C(C=N)NC(=O)c1nc(-c2ccccc2F)sc1N)N1CCC(N)C(F)CC1,1
750,CCc1cncc(-c2cc3c(cn2)cnn3-c2cccc(N3CCNCC3)n2)c1,1
751,CCn1cc(-c2cc3c(-c4ccc(Br)c(N5CCCC(N)C5)n4)n[nH]c3cn2)cn1,1
752,CC(C)(O)Cn1cc(-c2cc3c(-c4cccc(N5CCNCC5)n4)n[nH]c3cn2)cn1,1
753,COc1cncc(-c2cc3c(cn2)cnn3-c2cccc(N3CCNCC3)n2)n1,1
754,S=c1[nH]nc2c3c4c(sc3n3c(=S)[nH]nc3n12)CCC4,1
755,Cn1cc(-c2cc3c(-c4ccc(Br)c(N5CCOCC5)n4)n[nH]c3cn2)cn1,1
756,Cc1nn(C)cc1-c1nc(C(=O)Nc2cnn(C)c2N2CCC(N)CC(F)(F)C2)c(N)s1,1
757,CC(=O)Nc1cccc(CNc2c(Nc3ccc4[nH]ncc4c3)c(=O)c2=O)c1,0
758,CC1=NN(c2cccc(Br)c2)C(=O)C1=Cc1c(C)c(C#N)c2nc3ccccc3n2c1O,0
759,CCn1cc(-c2cc3c(-c4ccc(C)c(N5CCNCC5)n4)n[nH]c3cn2)cn1,1
760,O=C1N(CC2CCNCC2)CCN1c1n[nH]c2cnc(-c3cccnc3)cc12,1
761,CCCCn1c2cc(Cl)c(F)cc2c(=O)c2c(=O)o[nH]c21,1
762,O=C(NCc1ccccc1)c1c[nH]n2c(=O)cc(-c3ccncc3)nc12,1
763,COc1cncc(-c2cc3c(-c4cccc(N5CCNCC5)n4)n[nH]c3cn2)c1,1
764,CC(C)CNC1CCC(Nc2nc(Cl)cc(-c3c[nH]c4ncccc34)n2)CC1,0
765,FC1(c2cccc(-c3n[nH]c4cnc(-c5cccnc5)cc34)n2)CCNCC1,1
766,CN(C)Cc1nc2c(sc3ccc(-c4cncnc4)cc32)c(=O)[nH]1,1
767,CNCCOc1cncc(-c2ccc3[nH]nc(C)c3c2)c1,0
768,COC(C)c1cc(F)c(-c2nc(C(=O)Nc3cnn(C)c3C3CCC(N)C(F)CO3)ccc2F)c(F)c1,1
769,Cc1n[nH]c2cnc(-c3cccnc3)cc12,0
770,Cn1ncc(NC(=O)c2nc(-c3c(F)cccc3F)sc2N)c1N1CCC(N)CC(C)(O)C1,1
771,Cn1ncc(NC(=O)c2nc(-c3c(F)cccc3F)sc2N)c1N1CCCC(N(CCO)CCO)CC1,1
772,Cc1cncc(-c2cc3c(cn2)cnn3-c2cccc(N3CCC4(CNC4)C3)n2)n1,1
773,O=C1NCc2c1cccc2-c1ccc(Nc2nc3ccccc3o2)cc1,0
774,Cn1cc(-c2cc3c(-c4cccc(NCC5CCNCC5)n4)n[nH]c3cn2)cn1,1
775,Cn1ncc(NC(=O)c2csc(-c3ccccc3)n2)c1C1CCC(N)C(F)CO1,1
776,Cn1cc(-c2cc3c(cn2)cnn3-c2cn(C)c(=O)c(N3CCNCC(O)C3)n2)cn1,1
777,O=c1[nH]c(CN2CCC(O)C2)nc2c1sc1ccc(-c3ccc(O)cc3)cc12,1
778,Cn1ncc(NC(=O)c2nc(-c3c(F)cccc3F)sc2N)c1N1CCCC2(CCCN2)CC1,1
779,O=C(Nc1ccccc1N1CCCCC1)c1ncccc1O,0
780,COC1(C)CC(N)CCN(c2c(NC(=O)c3nc(-c4c(F)cncc4F)sc3N)cnn2C)C1,1
781,Cn1ncc(NC(=O)c2nc(-c3ccccc3)ccc2N)c1N1CCC(N)CC1,1
782,Cn1ncc(NC(=O)c2nc(-c3ccccc3F)cnc2N)c1N1CCCC(N)C1,1
783,CCOC(=O)C1=C(N)n2c(sc(=Cc3cccs3)c2=O)=C(C(N)=O)C1c1cccs1,0
784,CN1CCN(c2cc3c(-c4ccccc4F)n[nH]c3cn2)CC1=O,0
785,Cn1cc(-c2cc3c(-c4cccc(NCC(C)(C)O)n4)n[nH]c3cn2)cn1,1
786,Nc1ncnn2ccc(C(=O)Nc3ccc(NC(=O)Nc4cccc(F)c4)cc3)c12,1
787,Oc1cc(O)cc(C=Cc2ccc(O)c(O)c2)c1,0
788,Cn1ncc(NC(=O)c2nc(-c3c(F)cccc3F)sc2N)c1N1CCCC(O)CC1,1
789,Cn1ncc(NC(=O)c2ccc(F)c(-c3c(F)cc(C(CO)CO)cc3F)n2)c1C1CCC(N)C(F)CO1,1
790,O=C1Nc2ccc3ncsc3c2C1=CNc1ccc(S(=O)(=O)Nc2ccccn2)cc1,0
791,Cc1n[nH]c2cnc(-c3cnn(C)c3)cc12,0
792,CC1=NN(c2ccccc2)C(=O)C1=Cc1c(C)c(C#N)c2nc3ccccc3n2c1O,0
793,O=c1[nH]sc2c1c(=O)c1cc(F)c(NCc3ccccc3)c(F)c1n2C1CC1,0
794,Nc1cncc(-c2cc3c(cn2)cnn3-c2cccc(N3CCCNCC3)n2)n1,1
795,FC(F)(F)c1cccc(-c2nnc3ccc(NC4CCOCC4)nn23)c1,1
796,Cc1nn(C)cc1-c1nc(C(=O)Nc2cnn(C)c2N2CCC(N)C(F)CC2)c(N)s1,1
797,CCCCc1ccc(-c2n[nH]c3cnc(-c4cccnc4)cc23)nc1N1CCCC(N)C1,1
798,Cn1ncc(NC(=O)c2csc(-n3ncc4ccccc43)n2)c1C1CCC(N)C(F)CO1,1
799,c1ccc(-c2n[nH]c3cnc(-c4cn[nH]c4)cc23)cc1,1
800,N#CCn1cc(-c2cc3c(-c4cccc(N5CCNCC5)n4)n[nH]c3cn2)cn1,1
801,O=C1CC(c2ccc(Cl)cc2Cl)Cc2nc3cc(Cl)ccc3c(O)c21,1
802,NC1CCC(Nc2nc(Cl)cc(-c3c[nH]c4ncccc34)n2)CC1,0
803,OCCN1CCCN(c2cccc(-c3n[nH]c4cnc(-c5cccnc5)cc34)n2)CC1,1
804,O=c1[nH]c(CN2CCC(O)C2)nc2c1sc1ccc(-c3ccccc3)cc12,1
805,c1cc(-c2n[nH]c3cnc(C4CCCOC4)cc23)nc(N2CCNCC2)c1,1
806,NCC(=O)N1CCN(c2ccncc2NC(=O)c2nccnc2N)CC1,0
807,c1ccc(Cc2cn(-c3ccc4[nH]ncc4c3)nn2)cc1,0
808,Cn1cc(-c2cc3c(-c4cccc(OC5CCCNC5)n4)n[nH]c3cn2)cn1,1
809,NC(COc1cncc(-c2ccc3c(c2)C(=Cc2ccc[nH]2)C(=O)N3)c1)Cc1ccccc1,0
810,O=C(Nc1c[nH]c2ccc(-c3c(F)cccc3F)cc12)c1cnn2ccc(NCC3CCNCC3)nc12,1
811,OC1CCN(c2nc(-c3n[nH]c4cnc(-c5cccnc5)cc34)ccc2Br)CC1,1
812,Cc1cncc(-c2cc3c(cn2)cnn3-c2ccc(C3CC3)c(N3CCCNCC3)n2)n1,1
813,Cc1cncc(-c2cc3c(cn2)cnn3-c2cccc(N3CCCC(N)C3)n2)n1,1
814,CC(C)c1ccc2sc3c(=O)[nH]c(CN(C)C)nc3c2c1,1
815,NC(=O)c1cc2c(Oc3cccc(F)c3)cncc2s1,0
816,OC(COc1cncc(C=Cc2ccncc2)c1)Cc1c[nH]c2ccccc12,0
817,Cn1ncc(NC(=O)c2ccc(F)c(-c3c(F)cc(C4(F)CCOCC4)cc3F)n2)c1C1CCC(N)C(F)CO1,1
818,Cc1cc(C)cc(NC(=O)Nc2ccc3c(c2)CCc2sc4ncnc(N)c4c2-3)c1,0
819,Cn1ncc(NC(=O)c2nc(-c3c(F)cccc3F)sc2N)c1N1CCCC(O)(C(F)(F)F)CC1,1
820,FC(F)(F)c1cccc(-c2nnc3ccc(NCC4CC4)nn23)c1,1
821,CCC1CNCCN1c1c(NC(=O)c2nc(-c3c(F)cccc3F)sc2N)cnn1C,1
822,c1ccc(-c2n[nH]c3cnc(-c4cnccn4)cc23)cc1,1
823,Cc1cccc(Nc2nccc(Nc3c(NC(C)C(C)(C)C)c(=O)c3=O)n2)c1,0
824,c1ccc(COc2cncc(-c3cc4c(cn3)cnn4-c3cccc(N4CCNCC4)n3)n2)cc1,1
825,Cc1ccc(F)c(-c2nc(C(=O)Nc3cnn(CC(F)F)c3N3CCCC(O)CC3)c(N)s2)c1,1
826,Cc1cccc(NC(=O)Nc2ccc(-c3csc4c(C#CCCCCCCCCN)cnc(N)c34)cc2)c1,0
827,NCC(NC(=O)c1ccc(-c2ccncc2)cc1)c1ccccc1,0
828,COC1(c2c(NC(=O)c3nc(-c4ncccc4F)sc3N)cnn2C)CCCCO1,1
829,O=c1[nH]c2cc(Br)cnc2[nH]1,0
830,CCc1cncc(-c2cc3c(cn2)cnn3-c2cccc(N3CCNCC(O)C3)n2)n1,1
831,O=C(Nc1n[nH]c2ccc(-c3cn(Cc4ccccc4)nn3)cc12)c1ccc(F)cc1,0
832,Cn1cc(-c2cc3c(cn2)cnn3-c2cccc(N3CC4(CCCCN4)C3)n2)cn1,1
833,Cc1cccc(F)c1-c1nc(C(=O)Nc2cnn(C)c2C2CCC(N)C(F)CO2)c(N)s1,1
834,C=C(C)c1ccc(-c2n[nH]c3cnc(-c4cnn(CC)c4)cc23)nc1N1CCCC(N)C1,1
835,O=c1[nH]c2sc3c(c2c2nc(-c4ccccc4)nn12)CCCC3,1
836,CCn1cc(-c2cc3c(-c4cccc(N5CCC(F)C(N)C5)n4)n[nH]c3cn2)cn1,1
837,Clc1cc(-c2c[nH]c3ncccc23)ncn1,0
838,CC1CN(c2c(NC(=O)c3nc(-c4c(F)cccc4F)sc3N)cnn2CC(F)(F)F)CCN1,1
839,COCCN(C)C(=O)c1c(-c2ccc3[nH]ncc3c2)nnn1Cc1ccccc1,0
840,CCNNc1cc(C)c(C#N)c2nc3ccccc3n12,0
841,c1cncc(-c2cc3c(-c4cnn(CC5CCNCC5)c4)n[nH]c3cn2)c1,1
842,Nc1ncc2cccc(-c3ccccc3)n12,0
843,Cc1cncc(-c2cc3c(cn2)cnn3-c2cccc(N3CCNCCC3=O)n2)n1,1
844,FC(F)Cn1cc(-c2cc3c(cn2)cnn3-c2cccc(N3CCCNCC3)n2)cn1,1
845,O=C1CCCc2oc3cc(C(F)(F)F)ccc3c(=O)c21,0
846,O=c1[nH]cnc2c1oc1ccc(Cl)cc12,0
847,NC(=O)c1ccc(-c2ccncc2)cc1NCc1cccc(F)c1,0
848,Cn1ncc(NC(=O)c2nc(-c3c(F)cccc3F)sc2N)c1N1CCC2(CCNC2)CC1,1
849,Cc1cncc(-c2cc3c(cn2)cnn3-c2cnc(C3CC3)c(N3CCCC(N)C3)n2)n1,1
850,CN(C)Cc1nc2c(sc3ccc(-c4cccc(F)c4)cc32)c(=O)[nH]1,1
851,c1ccc(CNc2cc(-c3c[nH]c4ncccc34)ncn2)cc1,1
852,C=CCc1cccc2c(=NO)cc(-c3ccccc3)oc12,0
853,Cc1ccc2c(=O)[nH]cnc2c1,0
854,c1ccc(-c2n[nH]c3cnc(-c4cncs4)cc23)cc1,1
855,CC(O)c1cncc(-c2cc3c(-c4cccc(N5CCNCC5)n4)n[nH]c3cn2)c1,1
856,CSc1nc(Nc2cccc(Cl)c2)c2cnn(CC(C)c3ccccc3)c2n1,0
857,CN1c2ccc(N)cc2C(c2ccccc2)c2cc(N)ccc21,0
858,Cn1ncc(NC(=O)c2csc(-c3c(F)ccc(S(C)(=O)=O)c3F)n2)c1C1CCC(N)C(F)CO1,1
859,CCn1cc(-c2cc3c(cn2)cnn3-c2cccc(N3CCNC(C)(C)C3)n2)cn1,1
860,CCNc1nc(-c2ccc3[nH]ncc3c2)cs1,0
861,OCCCCNc1cc(-c2c[nH]c3ncccc23)cc(Cl)n1,0
862,Cc1ccc(F)c(-c2nc(C(=O)Nc3cnn(C4CC4)c3N3CCC(N)C(F)CC3)c(N)s2)c1,1
863,O=C(Nc1ccc(-c2ccc3cn[nH]c3c2)cc1)Nc1cccc(F)c1,0
864,CC(C)(CO)CCCNc1cc(-c2c[nH]c3ncccc23)cc(Cl)n1,0
865,Cc1cncc(-c2cc3c(cn2)cnn3-c2ccc(=O)n(C3CCCNC3)n2)n1,1
866,O=C(C=Cc1ccc(Br)cc1)Nc1cccc2cnccc12,0
867,Cc1ccc(C(=O)Nc2c(C#N)sc3ccc(Cl)c(Cl)c23)cc1,0
868,Fc1cccc(-c2nnc3ccc(NC4CC4)nn23)c1,0
869,Cc1cncc(-c2cc3c(cn2)cnn3-c2cccc(C3=CCNCC3)n2)n1,1
870,Nc1nccnc1C(=O)Nc1cnccc1N1CCCC(N)C1,1
871,NC1CCCC(Nc2nc(Cl)cc(-c3c[nH]c4ncccc34)n2)C1,0
872,CC(=O)Nc1nc(C(=O)Nc2cnccc2N2CCCCC2)cs1,1
873,CCn1cc(-c2cc3c(-c4cccc(N5CCCNCC5)n4)n[nH]c3cn2)cn1,1
874,CC(C)S(=O)(=O)n1c(N)nc2ccc(-c3c(-c4ccc(F)cc4)nc4sccn34)cc21,0
875,CCCCOc1ncnc2[nH]cc(-c3ccccc3)c12,0
876,c1cncc(-c2cc3c(N4CCC(N5CCNCC5)C4)n[nH]c3cn2)c1,1
877,COc1ccc(NC(=O)Nc2ccc(-c3csc4c(-c5cnn(CC(O)CO)c5)cnc(N)c34)cc2)cc1,0
878,Cn1cc(-c2cc3c(-c4ccnc(N5CCCCC5)n4)n[nH]c3cn2)cn1,1
879,CC(=O)NC1(C)CCCN(c2c(NC(=O)c3nc(-c4c(F)cccc4F)sc3N)cnn2C)CC1,1
880,COc1ccc(C=C2SC(=Nc3ccccc3)NC2=O)cc1OC,0
881,CN1C(=O)CN(c2cc3c(-c4ccccc4)n[nH]c3cn2)C1=O,0
882,O=C1NCc2c(Br)cccc21,0
883,O=C1ON=C(c2ccc(Br)cc2)C1=Cc1ccc2c(c1)OCO2,0
884,FCCn1cc(-c2cc3c(-c4cccc(N5CCCNCC5)n4)n[nH]c3cn2)cn1,1
885,c1cncc(-c2cc3c(-c4cccc(N5CCCCC5)n4)n[nH]c3cn2)c1,1
886,N#Cc1ccc(Cc2cc(O)n3ncc(C(=O)Nc4ccc(F)cc4)c3n2)cc1,1
887,O=c1cc(-c2ccncc2)nc(NCc2cc(F)cc(F)c2)[nH]1,0
888,Cc1n[nH]c2cnc(-c3cccc(F)c3)cc12,0
889,COC1CCN(c2c(NC(=O)c3nc(-c4ccccn4)sc3N)cnn2C)CCC1N,1
890,COc1ncccc1-c1nc(C(=O)Nc2cnn(C)c2N2CCCC(N)CC2)c(N)s1,1
891,Clc1cccc(Cn2cc(-c3ccc4[nH]ncc4c3)nn2)c1Cl,0
892,Cn1cc(-c2cc3c(-c4ccccc4)n[nH]c3cn2)cn1,1
893,O=c1[nH]c(CNc2cc(O)cc(O)c2)nc2c1sc1ccc(Cl)cc12,1
894,CCN(CC)CC#Cc1ccc2c(c1)-c1[nH]nc(-c3ccc(C#N)nc3)c1C2,0
895,O=C1Nc2cc(-c3ccc(O)cc3)ccc2C1=Cc1ccc[nH]1,0
896,Cn1ncc(NC(=O)c2nc(-c3c(F)cccc3F)sc2N)c1N1CCNCC(C#N)C1,1
897,Cc1cccc(NC(=O)Nc2ccc(-c3csc4ccnc(N)c34)cc2)c1,0
898,CNCC1CCN(c2c(NC(=O)c3nc(-c4c(F)cccc4F)sc3N)cnn2C)CC1,1
899,N#CCn1cc(-c2cc3c(cn2)cnn3-c2cccc(N3CCCNCC3)n2)cn1,1
900,NC1CCN(C(=O)c2cccc(-c3n[nH]c4cnc(-c5cccnc5)cc34)n2)CC1,1
901,O=C1OCCN1c1cc2c(-c3cccc(N4CCCCC4)n3)n[nH]c2cn1,0
902,Cn1cc(-c2cc3c(cn2)cnn3-c2cccc(N3CC(O)(CN)C3)n2)cn1,1
903,Nc1ncnc2sccc12,0
904,CCn1cc(-c2cc3c(cn2)cnn3-c2cccc(N3CCNC(C)C3)n2)cn1,1
905,Nc1nccc(-c2ccc(N)c(C(=O)Nc3cnccc3N3CCCC(N)C3)n2)n1,1
906,Fc1ccc2c(c1)-c1n[nH]cc1CS2,0
907,Nc1cc2nc(-c3ccccc3)cn2cn1,0
908,Cn1ncc(-c2cc3c(cn2)cnn3-c2ccccc2F)c1Cl,0
909,c1cc(-c2n[nH]c3cnc(-n4ccnc4)cc23)nc(N2CCNCC2)c1,1
910,Cn1ncc(NC(=O)c2nc(-c3cncc(C#N)c3)sc2N)c1N1CCC(N)C(F)CC1,1
911,Cn1ncc(NC(=O)c2csc(-c3cc(C4CC4)ccc3F)n2)c1C1CCC(N)C(F)CO1,1
912,O=C1NC(=O)/C(=C/c2ccnc(N3CCC(CNCc4ccc5ccccc5n4)CC3)n2)S1,1
913,Cn1ncc(NC(=O)c2csc(-c3n[nH]c4c3CCCC4)n2)c1C1CCC(N)C(F)CO1,1
914,N#Cc1c(O)[nH]c(=O)c2c(=N)oc3ccc(Cl)cc3c12,0
915,NC1CCN(c2nc(-c3n[nH]c4cnc(-c5cccnc5)cc34)ccc2Cl)CC1,1
916,CC(C)n1c2cc(Cl)c(F)cc2c(=O)c2c(=O)o[nH]c21,1
917,OC1CCCN(c2nc(-c3n[nH]c4cnc(-c5cccnc5)cc34)ccc2Br)C1,1
918,CN(C)CC#Cc1ccc2sc3c(=O)[nH]c(CN(C)C)nc3c2c1,1
919,Cn1ncc(NC(=O)c2csc(-c3c(F)ccc(C4CC4)c3F)n2)c1C1CCC(N)C(F)CO1,1
920,NCCNc1cccc(-c2n[nH]c3cnc(-c4cccnc4)cc23)n1,1
921,CCn1cc(-c2cc3c(-c4ccc(=O)n(CC5(C(N)=O)CC5)c4)n[nH]c3cn2)cn1,1
922,Cn1ncc(NC(=O)c2nc(-c3c(F)cccc3F)sc2N)c1N1CC2CCC(C2)C1,1
923,Cc1c(-c2cccc(OCc3ccccc3)c2)c2c(N)ncnc2n1C1CCC(N2CCCC2)CC1,0
924,O=C1Cc2c([nH]c3ccc(Br)cc23)-c2ncccc2N1,0
925,O=C1CC(c2ccc(F)cc2)Cc2[nH]c3cc(Cl)ccc3c(=O)c21,0
926,O=C(O)c1ccccc1Nc1ccnc(NCc2cccc(O)c2)n1,0
927,Cc1cccc(NC(=O)Nc2ccc(-c3csc4c(-c5cnn(C)c5)cnc(N)c34)cc2)c1,0
928,COC1COC(c2c(NC(=O)c3nc(-c4cccc(F)c4F)sc3N)cnn2C)CCC1N,1
929,Cc1cncc(-c2cc3c(cn2)cnn3-c2cccc(N3CCNCC3)n2)n1,1
930,Nc1ccc(-c2ccncc2NC(=O)c2nc(-c3ccccc3F)ccc2N)cn1,1
931,NC(=O)c1cc2c(-c3cccc(F)c3)cncc2s1,0
932,NC(=O)c1cc(Cl)c2c(Cl)c(C#CCO)n(C3CCCNC3)c2n1,1
933,Cn1ncc(NC(=O)c2ccc(F)c(-c3c(F)cc(C(O)(CO)CO)cc3F)n2)c1C1CCC(N)C(F)CO1,1
934,Cn1cc(C=C2C(=O)Nc3cccnc32)c2ccccc21,0
935,Cn1ncc(NC(=O)c2csc(-c3cc(Br)ccc3F)n2)c1C1CCC(N)C(F)CO1,1
936,Cn1ncc(NC(=O)c2nc(-c3c(F)cccc3F)sc2N)c1N1CCC(O)(CN)CC1,1
937,Cn1ncc(NC(=O)c2nc(-c3c(F)cccc3F)sc2N)c1N1CCCCCC1=O,1
938,CN(c1ccc2nnc(-c3cccc(C(F)(F)F)c3)n2n1)C1CCCCC1,1
939,NC(=O)c1ccc(NC2CCCCC2N)nc1Nc1cccc(Cl)c1,0
940,CCn1cc(-c2cc3c(cn2)cnn3-c2cccc(N3CCC(N)CC3)n2)cn1,1
941,CC(C)(Nc1nccc(-c2c[nH]c3ncccc23)n1)c1ccccc1,0
942,CCn1cc(-c2cc3c(-c4cccc(N5CCNC(C(F)(F)F)CC5)n4)n[nH]c3cn2)cn1,1
943,OCCn1cc(-c2cc3c(-c4cccc(N5CCNCC5)n4)n[nH]c3cn2)cn1,1
944,CN(C)Cc1nc2c(sc3ccc(-c4ccsc4)cc32)c(=O)[nH]1,1
945,C=C1CC(N)CCN(c2c(NC(=O)c3nc(-c4c(F)cccc4F)sc3N)cnn2C)C1,1
946,NCCCOc1cc2c(c(-c3ccc(Nc4nc5ccccc5o4)cc3)c1)CNC2=O,0
947,Cn1ncc(NC(=O)c2nc(-c3cnn(C)c3C(F)(F)F)sc2N)c1C1CCC(N)C(F)CO1,1
948,CNc1cccc(-n2ncc3cnc(-c4cncc(C)n4)cc32)n1,1
949,COc1cccc(NCc2nc3c(sc4ccc(Cl)cc43)c(=O)[nH]2)c1,1
950,NC(=O)c1cc2c(-c3cc(C(F)(F)F)cc(C(F)(F)F)c3)cncc2s1,0
951,O=C1NC(=O)c2c1c(-c1ccccc1Cl)cc1[nH]c3ccc(O)cc3c21,1
952,FC(F)(F)c1cccc(-c2nnc3ccc(NC4CCC4)nn23)c1,1
953,Cc1cncc(-c2cc3c(cn2)cnn3-c2cccc(N3CCCN(C4COC4)CC3)n2)n1,1
954,CC(=NNC(=N)N)c1cc(NC(=O)NCCCN(C)CCCNC(=O)Nc2cc(C(C)=NNC(=N)N)cc(C(C)=NNC(=N)N)c2)cc(C(C)=NNC(=N)N)c1,0
955,COc1cccc(-c2cc3c(=O)[nH]c4ccccc4n3c2)c1,0
956,CCn1c2cc(Cl)c(OC)cc2c(=O)c2c(=O)o[nH]c21,0
957,CCn1cc(-c2cc3c(cn2)cnn3-c2cccc(N3CCNCC3)n2)cn1,1
958,O=c1oc2ccccc2c2[nH]c(-c3ccccc3)nc12,0
959,COc1cc(F)c(-c2nc(C(=O)Nc3cnn(C)c3C3CCC(N)C(OC)CO3)cs2)c(F)c1,1
960,Cn1ncc(NC(=O)c2nc(-c3ccnc(F)c3)sc2N)c1N1CCCC(N)CC1,1
961,COc1cccc(NC(=O)c2cnn3c(-c4ccccc4)ccnc23)c1,0
962,NCCCOc1cc2c(c(-c3ccc(Nc4nc5ccc(Cl)cc5o4)cc3)c1)CNC2=O,0
963,FC(F)(F)c1cccc(-c2nnc3ccc(NC4CCCCC4)nn23)c1,1
964,Cn1ncc(-c2cc3c(cn2)cnn3-c2cccc(N3CCCNCC3)n2)cc1=O,0
965,COc1cc(-c2ccc3c(c2)Nc2ccc(C(=O)NCCNC(C)=O)cc2NC3=O)ccc1O,0
966,NC(=O)c1cccc(-c2cnc3[nH]cc(-c4ccccc4)c3c2)c1,0
967,CC1(C#Cc2c(Cl)c3c(Cl)cc(C(N)=O)nc3n2C2CCCNC2)COC1,1
968,O=C(NNC(=S)Nc1ccc(F)cc1)C(O)(c1ccccc1)c1ccccc1,0
969,Cn1ncc(NC(=O)c2nc(-c3ccccc3F)sc2N)c1C12CCC(CN)(CC1)O2,1
970,CC(C)(C)OC(=O)n1cc(-c2cncn2C2CCCCC2)c2ccccc21,0
971,CCn1cc(-c2cc3c(-c4cccc(NC5CCCC(N)C5)n4)n[nH]c3cn2)cn1,1
972,Cn1ncc(NC(=O)c2csc(-c3ncccc3F)n2)c1C1CCC(N)C(F)CO1,1
973,Cc1ccc(-c2n[nH]c3cnc(-c4cnn(C)c4)cc23)nc1N1CCN(C)CC1,1
974,O=C(Nc1c[nH]c2ncc(-c3c(F)cccc3F)cc12)c1cnn2ccc(CCC3CCNCC3)nc12,1
975,Cn1ncc(NC(=O)c2nc(-c3c(F)cccc3F)sc2N)c1N1CCCC(N(CC2COC2)CC2COC2)CC1,1
976,CN1CC(C#Cc2c(Cl)c3c(Cl)cc(C(N)=O)nc3n2C2CCCNC2)CC1=O,1
977,CN1CCC(NC(=O)c2cc3c(-c4ccccc4)n[nH]c3s2)CC1,0
978,CN(C)CCCc1nc2c(sc3ccc(Cl)cc32)c(=O)[nH]1,1
979,CCc1cncc(-c2cc3c(cn2)cnn3-c2ccc(C3CC3)c(N3CCCC(N)C3)n2)c1,1
980,O=C(O)c1cc(-c2cccs2)n2nccc2n1,0
981,O=c1[nH]cnc2c1sc1c(Cl)ccc(Cl)c12,0
982,Cn1ncc(NC(=O)c2nc(-c3c(F)cccc3F)sc2N)c1N1CCC(N)C(C(F)F)CC1,1
983,CN(C)Cc1nc2c(sc3ccc(Cl)cc32)c(=O)[nH]1,1
984,Cn1ncc(NC(=O)c2nc(-c3c(F)cccc3F)sc2N)c1N1CC2CC(N)C(C1)O2,1
985,Cc1n[nH]c2ccc(-c3cncc(OCCNS(C)(=O)=O)c3)cc12,0
986,c1cc(N2CCCNCC2)nc(-n2ncc3cnc(-c4cnn(C5CC5)c4)cc32)c1,1
987,CC1CC(O)CCC(c2c(NC(=O)c3nc(-c4c(F)cccc4F)sc3N)cnn2C)O1,1
988,COC1CC=C(c2c(NC(=O)c3nc(-c4c(F)cccc4F)sc3N)cnn2C)CCC1N,1
989,Cn1ncc(NC(=O)c2nc(-c3ccccc3F)sc2N)c1N1CCCC(C)(N)CC1,1
990,COCC#Cc1cccc2c1Cc1c(-c3cccs3)n[nH]c1-2,0
991,Cn1ncc(NC(=O)c2nc(-c3c(F)cccc3F)sc2N)c1N1CCC2(CNC2)C1,1
992,Cn1cc(-c2cc3c(-c4ccc(Br)c(N5CCN(CCS(C)(=O)=O)C(C)(C)C5)n4)n[nH]c3cn2)cn1,1
993,Cc1ccc2sc3c(=O)[nH]c(CN(C)C)nc3c2c1,1
994,NC1CCCCC1Nc1nccc(-c2c[nH]c3ncccc23)n1,0
995,C#Cc1ccc(-c2n[nH]c3cnc(-c4cccnc4)cc23)nc1N1CCCC(N)C1,1
996,CCOc1ccccc1C=NNC(=O)c1nnn(-c2nonc2N)c1N1CCCC1,0
997,NC1CCN(c2nc(-c3n[nH]c4cnc(-c5cccnc5)cc34)ccc2Br)C1,1
998,O=C(Nc1nc2ccccc2s1)c1cccc2c1CN(c1nc(C(=O)O)c(-c3ccc(CO)cc3)s1)CC2,0
999,CC(C)n1cc(-c2cc3c(cn2)cnn3-c2cccc(N3CCCNCC3)n2)cn1,1
1000,Cn1c2ccccc2c2c3c(c4c5ccccc5n(CCC#N)c4c21)CNC3=O,1
1001,CCn1cc(-c2cc3c(cn2)cnn3-c2cncc(N3CCCNCC3)n2)cn1,1
1002,NCCOc1cncc(C=Cc2ccncc2)c1,0
1003,CNC(=O)NC1CCC(Nc2nc(Cl)cc(-c3c[nH]c4ncccc34)n2)CC1,0
1004,Nc1cc(S(=O)(=O)NC(=O)c2ccc(-c3ccc(F)cc3)cc2)ccc1NC1CCCCC1,0
1005,O=c1cccc(-c2n[nH]c3cnc(-c4cccnc4)cc23)[nH]1,0
1006,NC(=O)C1CCCN1c1ccc(-c2n[nH]c3cnc(-c4cccnc4)cc23)nc1,1
1007,O=c1[nH]c(CN2CCCCC2)nc2c1sc1ccc(Cl)cc12,1
1008,Cn1ncc(NC(=O)c2nc(-c3cccc(=O)[nH]3)sc2N)c1N1CCCC(N)CC1,1
1009,Cn1ncc(NC(=O)c2nc(-c3ccncc3F)sc2N)c1N1CCC(N)C(F)CC1,1
1010,O=C(NNC(=S)Nc1ccc(Cl)cc1)C(O)(c1ccccc1)c1ccccc1,0
1011,CNCc1ccc(-c2[nH]c3cc(F)cc4c3c2CCNC4=O)cc1,0
1012,O=C1CN(c2cc3c(-c4cccc(N5CCNCC5)n4)n[nH]c3cn2)CCN1,1
1013,COc1cc(Nc2ncnc(N3CCCc4cc(C)ccc43)n2)cc(OC)c1OC,0
1014,CC(Nc1c(Nc2ccncc2)c(=O)c1=O)C1CCCCC1,0
1015,CC(=O)C1=C(O)C(=O)N(CCc2c[nH]c3ccccc23)C1c1ccc(O)cc1,0
1016,CN(C)CC(=O)NC1CCC(Nc2nc(Cl)cc(-c3c[nH]c4ncccc34)n2)CC1,0
1017,COC(c1cc(F)c(-c2nc(C(=O)Nc3cnn(C)c3C3CCC(N)C(F)CO3)ccc2F)c(F)c1)C1CC1,1
1018,Cn1cc(-c2cc3nc(Br)cnc3[nH]2)c2cc(F)ccc21,0
1019,FC(F)(F)c1cccc(-c2nnc3ccc(NC4CCCNC4)nn23)c1,1
1020,Cc1cncc(-c2cc3c(-c4cccc(N5CCNCC5)n4)n[nH]c3cn2)n1,1
1021,NC(COc1cncc(-c2ccc3cnccc3c2)c1)Cc1c[nH]c2ccccc12,0
1022,NC(=O)c1cccc2[nH]c(-c3cccc(NCCN4CCCC4)n3)nc12,0
1023,c1ccc(-c2n[nH]c3cnc(-c4cccnc4)cc23)nc1,1
1024,CCn1cc(-c2cc3c(-c4cc(C)cc(N5CCCNCC5)n4)n[nH]c3cn2)cn1,1
1025,c1ccc(Nc2ncnc3ccccc23)cc1,0
1026,FC(F)(F)c1cncc(-c2cc3c(-c4cccc(N5CCNCC5)n4)n[nH]c3cn2)c1,1
1027,Cc1cncc(-c2cc3c(ccn3-c3cccc(N4CCCNCC4)n3)cn2)n1,1
1028,CC(C)(C)c1cncc(-c2cc3c(cn2)cnn3-c2cccc(N3CCNCC3)n2)n1,1
1029,Cn1cc(-c2cc3c(-c4cccc(C5CCNCC5)n4)n[nH]c3cn2)cn1,1
1030,Cc1n[nH]c2ccc(-c3cncc(OCC(N)Cc4ccccc4)c3)cc12,1
1031,CCn1cc(-c2cc3c(-c4cc(C(C)C)ccn4)n[nH]c3cn2)cn1,1
1032,FC(F)(F)Cn1cc(-c2cc3c(cn2)cnn3-c2cccc(N3CC4(CNC4)C3)n2)cn1,1
1033,CC(C)N(C)C(=O)c1c(-c2ccc3[nH]ncc3c2)nnn1Cc1ccccc1,0
1034,COC1COC(c2c(NC(=O)c3csc(-c4c(F)cc(C)cc4F)n3)cnn2C)CCC1N,1
1035,OC1CCC(Nc2nc(Cl)cc(-c3c[nH]c4ncccc34)n2)CC1,0
1036,Cc1ccc2c(Nc3cc(OCc4ccccc4Br)ccc3Sc3ccc(O)cc3)ncnc2n1,0
1037,Nc1nnc2ccc(-c3ccccc3)cn12,0
1038,Cc1cncc(-c2cc3c(-c4cccc(N5CCCNCC5)n4)n[nH]c3cn2)n1,1
1039,COCCOC1CCC(n2nc(-c3ccc(Nc4nc5cc(C)cc(Cl)c5o4)cc3)c3c(N)ncnc32)CC1,0
1040,Cn1ncc(NC(=O)c2nc(-c3c(F)cccc3F)sc2N)c1C1OCC(CN)CO1,1
1041,Cc1cncc(-c2cc3c(cn2)cnn3-c2cnc(O)c(N3CCCC(N)C3)n2)n1,1
1042,FC(F)c1cncc(-c2cc3c(cn2)cnn3-c2cccc(N3CCNCC3)n2)n1,1
1043,Cc1ccc(C)c(NC(=O)c2cc(-c3ccco3)nc3ccccc23)c1,0
1044,Nc1ncc(-c2ccncc2)c2scc(-c3ccc(NC(=O)Nc4cc(C(F)(F)F)ccc4F)cc3)c12,0
1045,FC(F)(F)c1cccc(-c2nnc3ccc(NC4CCCCC4)cn23)c1,1
1046,C#Cc1cncc(-c2cc3c(cn2)cnn3-c2cccc(N3CCNCC3)n2)n1,1
1047,Nc1ncnc2sc3c(c12)-c1ccc(NC(=O)Nc2ccccc2)cc1CC3,0
1048,Cc1ccc(-c2n[nH]c3cnc(-c4cccnc4)cc23)nc1N1CCCC(O)C1,1
1049,COCCOc1cc(F)c(-c2nc(C(=O)Nc3cnn(C)c3C3CCC(N)C(O)CO3)ccc2F)c(F)c1,1
1050,NC(=O)Nc1cc2c(-c3cccc(N4CCNCC4)n3)n[nH]c2cn1,1
1051,O=C(O)c1cccc(Nc2nc(-c3ccc(O)cc3O)cs2)c1,0
1052,Cn1ncc(NC(=O)c2csc(-n3ncc4c3CCCC4)n2)c1C1CCC(N)C(F)CO1,1
1053,c1cncc(-c2cc3c(N4CCCC4)n[nH]c3cn2)c1,1
1054,Cc1n[nH]c2ccc(-c3cncc(OCC(CN)Cc4ccccc4)c3)cc12,1
1055,Cn1ncc(NC(=O)c2csc(-c3c(F)cccc3F)n2)c1N1CCCC(N)CC1,1
1056,Cc1ccc(-c2n[nH]c3cnc(-c4cccnc4)cc23)nc1N1CCC(N)CC1,1
1057,Cn1ncc(NC(=O)c2csc(-c3c(F)cc(C4CCOC4)cc3F)n2)c1C1CCC(N)C(F)CO1,1
1058,Cn1ncc(NC(=O)c2ccc(F)c(-c3c(F)cc(Cl)cc3F)n2)c1C1CCC(N)C(F)CO1,1
1059,N=C(N)Cc1cccc(-c2nc3ccccc3[nH]2)c1,0
1060,CCC(=O)Nc1ccc(C(=O)N2CCNCC2)c(O)c1,1
1061,CCOc1ccc(C2C(C(C)=O)=C(O)C(=O)N2CCc2c[nH]c3ccccc23)cc1,0
1062,CN(C)c1cc(-c2ccncc2)cc2[nH]nc(N)c12,0
1063,NC1CCCN(c2ccncc2-c2cc3c(-c4ccccc4F)n[nH]c3cn2)CC1,0
1064,NC1CN(c2cccc(-n3ncc4cnc(-c5cnn(CC(F)(F)F)c5)cc43)n2)C1,1
1065,CC(C)(c1cc(Br)c(O)c(I)c1)c1cc(Br)c(O)c(I)c1,0
1066,Cn1ncc(NC(=O)c2nc(-c3c(F)cccc3F)sc2N)c1N1CCC(N)C(O)(CCO)CC1,1
1067,Cc1n[nH]c2cnc(-c3cn[nH]c3)cc12,0
1068,Cn1cc(-c2cc3c(cn2)cnn3-c2cccc(N3CC(CN)C3)n2)cn1,1
1069,COc1ccc2c(c1)C(=Cc1c[nH]cn1)C(=O)N2,0
1070,Cc1cccc(-c2cccc3onc(N)c23)c1,0
1071,Cn1ncc(NC(=O)c2nc(-c3ccccc3F)ccc2N)c1N1CCCC(N)C1,1
1072,c1cc(N2CCCNCC2)nc(-n2ncc3cnc(-c4cnn(CC5CC5)c4)cc32)c1,1
1073,c1cc(N2CCNCC2)nc(-n2ncc3cnc(-c4cncc(C5COC5)c4)cc32)c1,1
1074,OC1CCCC(Nc2cc(Cl)nc(-c3c[nH]c4ncccc34)n2)C1,0
1075,O=c1cc(-c2ccncc2)nc(NC2CCCCC2)[nH]1,0
1076,Cc1cncc(-c2cc3c(cn2)cnn3-c2cccc(N3CCCCC(N)C3)n2)n1,1
1077,CCn1cc(-c2cc3c(-c4cccc(N5CCOCC5)n4)n[nH]c3cn2)cn1,1
1078,COC1COC(c2c(NC(=O)c3nc(-c4c(F)cccc4C(F)(F)F)sc3N)cnn2C)CCC1N,1
1079,Cn1ncc(NC(=O)c2nc(-c3c(F)cccc3F)sc2N)c1N1CCC(N)C(CO)CC1,1
1080,Cn1ncc(NC(=O)c2csc(-c3ccccc3C(F)(F)F)n2)c1C1CCC(N)C(F)CO1,1
1081,Cc1c(O)cccc1NC(=O)c1cnn2c(-c3ccccc3)ccnc12,0
1082,O=C1OCCN1c1cc2c(-c3cccc(N4CCNCC4)n3)n[nH]c2cn1,0
1083,C=C(C)c1ccc(-c2n[nH]c3cnc(-c4cccnc4)cc23)nc1N1CCCC(N)C1,1
1084,c1cncc(-c2cc3c(-c4ccn(C5CCNCC5)n4)n[nH]c3cn2)c1,1
1085,c1ccc(Cn2nnc(-c3ccc4[nH]ncc4c3)c2-c2ccccc2)cc1,0
1086,Cn1cc(-c2cc3c(-c4cnn(CC(C)(C)O)c4)n[nH]c3cn2)cn1,1
1087,Cn1cc(C(CN)c2cncc(C=Cc3ccncc3)c2)c2ccccc21,0
1088,CCn1cncc(-c2cc3c(cn2)cnn3-c2cccc(N3CCNCC3)n2)c1=O,1
1089,CCCCNc1cc(-c2c[nH]c3ncccc23)ncn1,0
1090,c1cncc(-c2cc3c(-c4cccc(N5CCNCC5)n4)n[nH]c3cn2)c1,1
1091,Fc1ccccc1-c1n[nH]c2cnc(-c3cnccc3OC3CCNCC3)cc12,1
1092,Cn1ncc(NC(=O)c2csc(-c3c(F)cc(C4(O)CC4)cc3F)n2)c1C1CCC(N)C(F)CO1,1
1093,COC1(C)CCN(c2c(NC(=O)c3nc(-c4c(F)cccc4F)sc3N)cnn2C)CCC1N,1
1094,NC(=O)C1(N)CCN(c2cccc(-c3n[nH]c4cnc(-c5cccnc5)cc34)n2)CC1,1
1095,O=c1[nH]c2sc3c(c2c2nc(-c4ccncc4)nn12)CCCC3,1
1096,CC(N)COc1cnc(Cl)c(C=Cc2ccncc2)c1,0
1097,CN1CC(c2cc3c(-c4ccccc4)n[nH]c3cn2)=CC1=O,0
1098,Cc1cc(C)c2c(n1)sc1c(N)ncnc12,0
1099,c1cncc(-c2cc3c(-c4cccc(N5CCCNCC5)n4)n[nH]c3cn2)c1,1
1100,CCOC(=O)c1c(C)n(-c2ccc(I)cc2)c2c1cc(O)c1ccccc12,0
1101,Cn1ncc(NC(=O)c2nc(-c3c(F)cccc3F)sc2N)c1N1CCC(N)C2(CCO2)CC1,1
1102,Cc1cc(-c2nc(C(=O)Nc3cnn(C)c3N3CCC(N)C(F)CC3)c(N)s2)ccn1,1
1103,Cn1ccc(-c2cc3c(-c4cccc(N5CCNCC5)n4)n[nH]c3cn2)cc1=O,1
1104,CCC1CN(c2c(NC(=O)c3nc(-c4c(F)cccc4F)sc3N)cnn2C)CCC1(CN)OC,1
1105,Nc1ncc(-c2ccoc2)c2scc(-c3ccc(NC(=O)Nc4ccccc4F)cc3)c12,0
1106,Nc1ncnc2scc(-c3ccc(NC(=O)Nc4cc(C(F)(F)F)ccc4F)cc3)c12,0
1107,Cc1cc(=O)n2[nH]cc(C(=O)NCc3ccccc3)c2n1,0
1108,c1cc(N2CCNCC2)nc(-n2ncc3cnc(-c4cncc(N5CCC5)n4)cc32)c1,1
1109,CN(C)Cc1nc2c(sc3ccc(-c4ccc(OCC(O)CO)cc4)cc32)c(=O)[nH]1,1
1110,CCN(CC)C(=O)Nc1ccc2nc(-c3ccco3)c(-c3ccco3)nc2c1,0
1111,Cc1cccnc1-c1nc(C(=O)Nc2cnn(C)c2C2CCC(N)C(F)CO2)cs1,1
1112,Cc1cncc(-c2cc(F)c3cnn(-c4cccc(N5CCCNCC5)n4)c3c2)n1,0
1113,Cn1ncc(NC(=O)c2nc(-c3c(F)cccc3F)sc2N)c1N1CCNCC(CO)C1,1
1114,OC1CN(c2cncc(-c3cc4c(cn3)cnn4-c3cccc(N4CCNCC4)n3)n2)C1,1
1115,CC#Cc1cncc(-c2cc3c(cn2)cnn3-c2cccc(N3CCNCC3)n2)n1,1
1116,Cn1ncc(NC(=O)c2csc(-c3c(F)cncc3Cl)n2)c1C1CCC(N)C(F)CO1,1
1117,c1cc(-c2n[nH]c3cnc(-c4cncs4)cc23)nc(N2CCCCC2)c1,1
1118,Cn1ncc(NC(=O)c2nc(-c3c(F)cccc3F)sc2N)c1N1CCNCC2(CC2)C1,1
1119,CC(C)c1cncc(-c2cc3c(cn2)cnn3-c2cccc(N3CCNCC3)n2)c1,1
1120,Cn1cc(-c2cc3c(cn2)cnn3-c2cccc(N3CC(O)C3)n2)cn1,1
1121,c1cnc2[nH]cc(-c3ccnc(NC4CCCCC4)n3)c2c1,0
1122,Cn1cc(-c2cc3c(CC#N)n[nH]c3cn2)cn1,0
1123,c1cc(N2CCCNCC2)nc(-n2ncc3cnc(-c4cnn(C5CCC5)c4)cc32)c1,1
1124,Cn1ncc(NC(=O)c2ccc(F)c(-c3c(F)cc(O)cc3F)n2)c1C1CCC(N)C(F)CO1,1
1125,Cn1cc(-c2cc3c(-c4cccc(NC5CCC(N)CC5)n4)n[nH]c3cn2)cn1,1
1126,Cc1cccc(NC(=O)Nc2ccc(-c3csc4c(C#CCN5CCCC5)cnc(N)c34)cc2)c1,0
1127,NC1CCCN(c2cncc(-c3cc4c(-c5ccccc5F)n[nH]c4cn3)c2)CC1,1
1128,NC1CCN(c2cccc(-c3n[nH]c4cnc(-c5cccnc5)cc34)n2)C1=O,1
1129,Cc1cncc(-c2cc3c(cn2)cnn3-c2cccc(N3CCC(N)CC3)n2)n1,1
1130,O=C1NC(=O)C(Nc2ccccc2)=C1Cl,0
1131,CN1CCN(c2nc(-c3n[nH]c4cnc(-c5cnn(C)c5)cc34)ccc2Br)CC1,1
1132,COC(c1cc(F)c(-c2nc(C(=O)Nc3cnn(C)c3C3CCC(N)C(F)CO3)cs2)c(F)c1)C1CC1,1
1133,Cn1ncc(NC(=O)c2csc(-c3c(F)ccc(C(F)F)c3F)n2)c1C1CCC(N)C(F)CO1,1
1134,Cn1ccc(-c2n[nH]c3cnc(-c4cccnc4)cc23)n1,1
1135,Cn1ncc(NC(=O)c2nc(-c3c(F)cccc3F)sc2N)c1C1CC(F)(F)CC(N)CO1,1
1136,COC1COC(c2c(NC(=O)c3nc(-c4ccccc4F)sc3N)cnn2C)CCC1N,1
1137,Cc1cncc(-c2cc3c(cn2)cnn3-c2ccc3c(n2)CC(CN)CO3)n1,1
1138,Cn1ncc(NC(=O)c2nc(-c3c(F)cccc3F)sc2N)c1N1CCC2OC(=O)NC2(C)CC1,1
1139,Cc1cncc(-c2cc3c(cn2)cnn3-c2ccc(C3CC3)c(N3CCCC(N)C3)n2)n1,1
1140,Cc1nc(-c2cc3c(cn2)cnn3-c2cccc(N3CCCC(N)C3)n2)cnc1N,1
1141,NCCNc1cc(-c2c[nH]c3ncccc23)cc(Cl)n1,0
1142,O=c1[nH]c2sc3c(c2c2nc(-c4cccnc4)nn12)CCCC3,0
1143,NC1CCCCC1Nc1nccc(Nc2ccccc2C(=O)O)n1,0
1144,N#CCc1cc2c(-c3cccc(N4CCNCC4)n3)n[nH]c2cn1,0
1145,NC1CC(F)CN(c2cccc(-c3n[nH]c4cnc(-c5cccnc5)cc34)n2)C1,1
1146,O=c1nc(-c2ccc3[nH]ncc3c2)cc(-c2ccccc2)[nH]1,0
1147,O=C1NCCc2[nH]c(-c3ccnc(-c4ccccc4F)c3)cc21,0
1148,Cc1cncc(-c2cc3c(cn2)cnn3-c2cccc(N3CCCC(N)C3C)n2)n1,1
1149,COCCOC1CCC(n2nc(-c3ccc(Nc4nc5cc(C)cc(C)c5o4)cc3)c3c(N)ncnc32)CC1,0
1150,O=c1[nH]cnc2c(-c3ccccc3)c(C(F)(F)F)sc12,0
1151,NCC1CCN(c2cccc(-c3n[nH]c4cnc(-c5cccnc5)cc34)n2)CC1,1
1152,CN(C)Cc1nc2c(sc3ccc(-c4cccc(Cl)c4)cc32)c(=O)[nH]1,1
1153,COCOc1cccc(OCOC)c1-c1ccc(NS(C)(=O)=O)cc1C(=O)OC,0
1154,NC(=O)c1ccc2c(ccn2-c2cccc(Cl)c2)c1,0
1155,Clc1csc2ncnc(Nc3ccccc3)c12,0
1156,Cn1cc(-c2cc3c(-c4cccc(-c5cnn(C)c5)n4)n[nH]c3cn2)cn1,1
1157,CCn1cc(-c2cc3c(-c4ccc(Br)c(N5CCNCC5)n4)n[nH]c3cn2)cn1,1
1158,Cc1cc(-c2ccc3c(c2)CNC3=O)ccc1F,0
1159,CCc1ccc(-c2n[nH]c3cnc(-c4cnn(CC)c4)cc23)nc1N1CCCC(N)C1,1
1160,CN1CCN(Cc2ccc3c(c2)Cc2c(-c4csc(C#CCOCC5CC5)c4)n[nH]c2-3)CC1,0
1161,Cn1nc(-c2cccc(N3CCCC(N)C3)n2)c2cc(-c3cccnc3)ncc21,0
1162,c1cncc(-c2cc3c(-c4cc[nH]n4)n[nH]c3cn2)c1,1
1163,Cn1ncc(NC(=O)c2nc(-c3c(F)cccc3F)sc2N)c1C1CCC(N)CC1,1
1164,COc1ccc(CNc2cc(-c3c[nH]c4ncccc34)cc(F)n2)cc1,0
1165,Cn1cc(-c2cc3c(-c4ccc(Br)c(N5CCC(N)CC5)n4)n[nH]c3cn2)cn1,1
1166,Fc1ccccc1-c1n[nH]c2cnc(-c3cnccn3)cc12,1
1167,c1ccc(-c2nnc3ccc(NC4CC4)nn23)cc1,0
1168,O=c1[nH]c(CNc2ccc(O)cc2)nc2c1sc1ccc(Cl)cc12,0
1169,NC(=O)c1cc(Cl)c2c(Cl)c(C#CC3CNCCO3)n(C3CCCNC3)c2n1,1
1170,Cn1ncc(NC(=O)c2csc(-c3c(F)cc(C4(O)CCC4)cc3F)n2)c1C1CCC(N)C(F)CO1,1
1171,COC1COC(c2c(NC(=O)c3nc(-c4cc(C)ccc4F)sc3N)cnn2C)CCC1N,1
1172,NC1CCC(Nc2nccc(-c3c[nH]c4ncccc34)n2)CC1,0
1173,CC(C)(C)NC(=O)c1ccc2nc3[nH]c4ccccc4c3nc2c1,0
1174,Cc1ccc(Nc2nccc(Nc3ccccc3C(=O)O)n2)cc1F,0
1175,Nc1ncnc2scc(C(=O)Nc3ccc(NC(=O)Nc4ccccc4)cc3)c12,0
1176,Cn1ncc(NC(=O)c2nc(-c3cccc(F)c3Cl)sc2N)c1C1CCC(N)C(F)CO1,1
1177,Cn1ncc(NC(=O)c2nc(-c3c(F)cccc3F)sc2N)c1C12CCC(N)C(CC1)O2,1
1178,FC(F)(F)Cn1cc(-c2cc3c(-c4cccc(N5CCNCC5)n4)n[nH]c3cn2)cn1,1
1179,NC1CCN(Cc2n[nH]c3cnc(-c4cn[nH]c4)cc23)CC1,0
1180,O=C(Nc1cnccn1)Nc1cccc2c(O)cccc12,0
1181,c1cc(-c2n[nH]c3cnc(-c4cncs4)cc23)nc(N2CCNCC2)c1,1
1182,O=C(Nc1cnccn1)Nc1ccnc2ccccc12,0
1183,O=C1NCc2c1cccc2-c1ccc(Nc2nc3ccccc3[nH]2)cc1,0
1184,COC1COC(c2c(NC(=O)c3nc(-c4c(F)cccc4Cl)sc3N)cnn2C)CCC1N,1
1185,Cn1ncc(NC(=O)c2csc(-c3c(F)cccc3Cl)n2)c1C1CCC(N)C(F)CO1,1
1186,O=C(Nc1cn[nH]c1)c1cccnc1,0
1187,O=C(NN=Cc1ccc(O)cc1O)Nc1cccc2nsnc12,0
1188,CCn1c2cc(Cl)c(F)cc2c(=O)c2c(=O)on(CCOCc3ccccc3)c21,0
1189,Cn1ncc(NC(=O)c2nc(-c3c(F)cccc3F)sc2N)c1N1CCC(O)CC(F)(F)C1,1
1190,O=C(Nc1c[nH]c2ncccc12)c1cnn2ccc(NCC3CCNCC3)nc12,1
1191,CCc1cncc(-c2cc3c(cn2)cnn3-c2cccc(N3CCNCC3)n2)n1,1
1192,NC(=O)Cc1cc2c(-c3cccc(N4CCNCC4)n3)n[nH]c2cn1,0
1193,c1cncc(-c2cc3c(-c4ccncc4)n[nH]c3cn2)c1,1
1194,Cn1ncc(NC(=O)c2nc(-c3c(F)cccc3F)sc2N)c1N1CCC(O)CC(F)C1,1
1195,CCn1cc(-c2cc3c(-c4cccc(N5CCNC(C(F)(F)F)C5)n4)n[nH]c3cn2)cn1,1
1196,CN(C)C1CCCC(Nc2nc(Cl)cc(-c3c[nH]c4ncccc34)n2)C1,0
1197,CC(C)(CN)CNc1cc(-c2c[nH]c3ncccc23)cc(F)n1,0
1198,c1ccc2c(c1)Cc1c[nH]nc1-2,0
1199,NC1CCN(c2cncc(-c3n[nH]c4cnc(-c5cccnc5)cc34)c2)CC1,1
1200,O=C1N(c2n[nH]c3cnc(-c4cccnc4)cc23)CCC12CCNCC2,1
1201,CCCc1cn(-c2ccc3[nH]ncc3c2)nn1,0
1202,Nc1ccc(-c2cncc(OCC(N)Cc3c[nH]c4ccccc34)c2)cc1C(=O)c1ccccc1F,1
1203,Cn1cc(Nc2ncc(Br)c(Nc3ccccc3C(N)=O)n2)cn1,0
1204,Cn1ncc(NC(=O)c2csc(-c3c(F)cncc3F)n2)c1C1CCC(N)C(F)CO1,1
1205,Cc1cncc(-c2cc3c(cn2)cnn3-c2cccc(N3CCC4(CCNCC4)C3)n2)n1,1
1206,Cc1n[nH]c2ccc(-c3cncc(OCC(N)Cc4c[nH]c5ccccc45)c3)cc12,1
1207,O=c1[nH]cc(I)c2nc(-c3ccccc3)cn12,0
1208,Cn1ncc(NC(=O)c2csc(-c3cc(F)cc(F)c3F)n2)c1C1CCC(N)C(F)CO1,1
1209,O=c1nc(-c2cc3c(Oc4ccc(I)cc4)cncc3s2)[nH]o1,0
1210,CN(C)CCCOc1cc(-c2ccncc2)cc2[nH]nc(N)c12,0
1211,Nc1nccc2scc(-c3ccc(NC(=O)Nc4cccc(Cl)c4)cc3)c12,0
1212,COC1COC(c2c(NC(=O)c3nc(-c4ccccc4C(F)(F)F)sc3N)cnn2C)CCC1N,1
1213,Cn1ncc(NC(=O)c2csc(-c3ccccc3C(F)F)n2)c1C1CCC(N)C(F)CO1,1
1214,O=C(O)c1ccccc1Nc1ccnc(Nc2ccc3[nH]ncc3c2)n1,1
1215,OC1CCC(Nc2cc(Cl)nc(-c3c[nH]c4ncccc34)n2)CC1,0
1216,O=CN(O)C(CS(=O)(=O)c1ccc(-c2ccc(C(F)(F)F)cc2)cc1)c1ccc(O)cc1,0
1217,O=C(Nc1n[nH]c2ccc(-c3cn(Cc4ccccc4)nn3)cc12)c1ccccc1,0
1218,Nc1ncnc2c1C(=O)Nc1ccccc1N2,0
1219,NC(=O)c1cn(-c2ccc(O)cc2Cl)c2cc(-c3ccncc3)ccc2c1=O,0
1220,Cc1ccc(-c2n[nH]c3cnc(-c4cccnc4)cc23)nc1N1CCC(O)CC1,1
1221,CCn1cc(-c2cc3c(-c4cccc(N5CCNCC(CO)C5)n4)n[nH]c3cn2)cn1,1
1222,Cc1sc2[nH]c(=O)n3nc(-c4ccncc4)nc3c2c1C,0
1223,COc1cc(-c2csc3c(C=CC(=O)NCCN(C)C)cnc(N)c23)ccc1NC(=O)c1cc2ccccc2n1C,0
1224,CCn1c2cc(Cl)c(F)cc2c(=O)c2c(=O)o[nH]c21,1
1225,Nc1sc(-c2c(F)cccc2F)nc1C(=O)Nc1cn[nH]c1N1CCCC(N)C1,1
1226,O=c1c(NCc2ccc(Cl)c(Cl)c2)c(Nc2ccncc2)c1=O,0
1227,Cn1ncc(NC(=O)c2csc(-c3cccc(OCc4ccccc4)c3)n2)c1C1CCC(N)C(F)CO1,1
1228,CN(C)Cc1nc2c(sc3ccc(/C=C/C4CC4)cc32)c(=O)[nH]1,1
1229,NC1CCN(c2cncc(-c3cc4c(-c5ccccc5F)n[nH]c4cn3)n2)CC1,1
1230,COc1ccc(F)c(-c2n[nH]c3cnc(-c4cnn(C)c4)cc23)c1,1
1231,Nc1cccc(C(=O)Nc2ccccc2N2CCCCC2)n1,0
1232,Cc1cncc(-c2cc3c(cn2)cnn3-c2cccc(N3CCCNCC3)n2)c1,1
1233,Cn1ncc(NC(=O)c2nc(-c3ccccc3F)cnc2N)c1N1CCC(N)C(F)CC1,1
1234,CC1CC(N)CCN(c2c(NC(=O)c3nc(-c4c(F)cccc4F)sc3N)cnn2C)C1,1
1235,c1cc(-c2n[nH]c3cnc(-n4ccnc4)cc23)nc(N2CCCCC2)c1,1
1236,Nc1nccnc1C(=O)Nc1cnccc1N1CCNCC1,0
1237,NC1CCN(c2cc(-c3n[nH]c4cnc(-c5cccnc5)cc34)ccn2)CC1,1
1238,CN(C)C(=O)Nc1ccc2nc(-c3ccco3)c(-c3ccco3)nc2c1,0
1239,Clc1cncc(-c2cc3c(cn2)cnn3-c2cccc(N3CCNCC3)n2)n1,1
1240,O=C1CN(c2cccc(-c3n[nH]c4cnc(-c5cccnc5)cc34)n2)CCCN1,1
1241,Cc1cc(-c2cc3c(cn2)cnn3-c2cccc(N3CCCC(N)C3)n2)sn1,1
1242,Nc1nc(Cl)cc(-c2c[nH]c3ncccc23)n1,0
1243,O=c1[nH]c(CNc2ccccc2O)nc2c1sc1ccc(Cl)cc12,1
1244,NC1CCCN(c2cncc(-c3n[nH]c4cnc(-c5cccnc5)cc34)c2)CC1,1
1245,CCc1ccc(C2C(C(C)=O)=C(O)C(=O)N2CCc2c[nH]c3ccccc23)cc1,0
1246,Cn1cc(-c2cc3c(-c4cnn(C)c4)n[nH]c3cn2)cn1,1
1247,CNCc1nc2c(sc3ccc(Cl)cc32)c(=O)[nH]1,1
1248,NCC1CCN(c2ccncc2-c2cc3c(-c4ccccc4F)n[nH]c3cn2)C1,0
1249,O=c1o[nH]c2c1c(=O)c1cc(F)c(Cl)cc1n2Cc1ccccc1,1
1250,NC(=O)c1cc2c(Oc3ccc(Br)cc3)cncc2s1,0
1251,Cn1ncc(NC(=O)c2csc(-c3c(F)cc(C(C)(C)O)cc3F)n2)c1C1CCC(N)C(F)CO1,1
1252,Cc1cncc(-c2cc3c(cn2)cnn3-c2ccc(F)c(N3CCCC(N)C3)n2)n1,1
1253,CN1CCN(Cc2ccc3c(c2)-c2n[nH]c(=O)c4cccc(c24)O3)CC1,0
1254,CN(C)Cc1nc2c(sc3ccccc32)c(=O)[nH]1,0
1255,Nc1ncnc2c1N=C(c1ccccc1)CCN2,0
1256,Cc1cccc(NC(=O)Nc2ccc(-c3csc4c(C#CC(C)(C)N)cnc(N)c34)cc2)c1,0
1257,O=C(Nc1c[nH]c2ncccc12)c1cnn2ccc(NCC3(F)CCNCC3)nc12,1
1258,Cc1cncc(-c2cc3c(cn2)cnn3-c2cccc(N3CCCC(N)C3=O)n2)n1,1
1259,COc1c(-c2nc3ccccc3[nH]2)c(O)cc2oc(C)cc(=O)c12,0
1260,Cc1cncc(-c2cn3c(-c4cccc(N5CCCNCC5)n4)ncc3cn2)n1,1
1261,Nc1nc(=O)[nH]c2sccc12,0
1262,Cn1ncc(NC(=O)c2nc(-c3ccncc3F)sc2N)c1C1CCC(N)C(F)CO1,1
1263,Cn1ncc(NC(=O)c2nc(-c3c(F)cc(C(O)C4CC4)cc3F)sc2N)c1C1CCC(N)C(F)CO1,1
1264,c1cncc(-c2cc3c(CNCC4CCNCC4)n[nH]c3cn2)c1,0
1265,CN(C)Cc1nc2c(sc3ccc(-c4cc(Cl)cc(Cl)c4)cc32)c(=O)[nH]1,1
1266,CN(C)Cc1nc2c(sc3ccc(-c4ccoc4)cc32)c(=O)[nH]1,1
1267,CCCCCCCCCCCCOc1ccc(NC(=N)N)cc1NC(=N)N,0
1268,NC1CCN(Cc2n[nH]c3cnc(-c4cccnc4)cc23)CC1,0
1269,Cn1ncc(NC(=O)c2cncc(-c3ccccc3F)n2)c1N1CCCC(N)CC1,1
1270,Cc1ccc(-c2n[nH]c3cnc(-c4cnn(C)c4)cc23)nc1N1CCOCC1,1
1271,OC1CCCN(c2cccc(-c3n[nH]c4cnc(-c5cccnc5)cc34)n2)C1,1
1272,COc1ccc(-n2ncc3cnc(-c4cncc(C)n4)cc32)nc1N1CCCNC1=O,1
1273,Nc1ccc(-c2ccccc2F)nc1C(=O)Nc1cnccc1N1CCCC(N)C1,1
1274,Cn1cc(-c2cc3c(-c4cccc(N5CCCCC(N)C5)n4)n[nH]c3cn2)cn1,1
1275,Cc1cncc(-c2cc3c(cn2)cnn3-c2cn(C)c(=O)c(N3CCCC(N)C3)n2)n1,1
1276,Cc1cccc(NC(=O)Nc2ccc(NC(=O)c3csc4ncnc(N)c34)cc2)c1,0
1277,NCC1CCN(c2cncc(-c3n[nH]c4cnc(-c5cccnc5)cc34)c2)CC1,1
1278,COC1(c2cc(F)c(-c3nc(C(=O)Nc4cnn(C)c4C4CCC(N)C(F)CO4)cs3)c(F)c2)COC1,1
1279,CN1CCC(CNc2ccc3ncc(-c4cccc(OC(F)(F)F)c4)n3n2)CC1,1
1280,Cc1cncc(-c2cc3c(cn2)cnn3-c2cccc(C3(O)CCCNC3)n2)n1,1
1281,COc1ccc(F)c(F)c1-c1nc(C(=O)Nc2cnn(C)c2C2CCC(N)C(F)CO2)c(N)s1,1
1282,COc1ccc(-c2ccc(NC(=O)Nc3cccc(Br)c3)cc2)c2c(N)noc12,0
1283,CCn1cc(-c2cc3c(-c4cc(OC)ccn4)n[nH]c3cn2)cn1,1
1284,COc1ccc(Nc2nccc(Nc3c(NC(C)C(C)(C)C)c(=O)c3=O)n2)cc1OC,0
1285,Cn1ncc(NC(=O)c2csc(-c3ccc[nH]c3=O)n2)c1C1CCC(N)C(F)CO1,1
1286,COc1ccc(OC)c(Nc2ccc3nnc(-c4ccccc4)n3n2)c1,0
1287,N#Cc1ccc(C(=O)Nc2n[nH]c3ccc(-c4cn(Cc5ccccc5)nn4)cc23)cc1,0
1288,Cc1cccc(F)c1-c1nc(C(=O)Nc2cnn(C)c2C2CCC(N)C(F)CO2)c(C)s1,1
1289,COc1cc(C=C2SC(=O)NC2=O)ccc1O,0
1290,OCCN1CCN(c2cccc(-c3n[nH]c4cnc(-c5cccnc5)cc34)n2)CC1,1
1291,CCn1cc(-c2cc3c(-c4cc(C#N)cc(N5CCCNCC5)n4)n[nH]c3cn2)cn1,1
1292,CCN(CC)CCNc1ccc(O)c2ccccc12,0
1293,Cn1ncc(NC(=O)c2nc(-c3c(F)cccc3F)sc2N)c1N1CCOCCC1=O,1
1294,c1ccn2c(NC3CCCCC3)c(-c3ccc4[nH]ncc4c3)nc2c1,0
1295,Cn1cc(-c2cc3c(cn2)cnn3-c2cccc(C3(F)CCCNCC3)n2)cn1,1
1296,c1ccc2c(c1)[nH]c1cnccc12,0
1297,ON=C(c1nc2ccccc2[nH]1)c1nc2ccccc2[nH]1,0
1298,CC(C)c1ccc2c(c1)c(SC(C)(C)C)c(CC(C)(C)CNCCCO)n2Cc1ccc(Cl)cc1,0
1299,Cn1ncc(NC(=O)c2nc(-c3ccccc3F)sc2N)c1N1CCC(N)CC(F)(F)C1,1
1300,Cc1ccc(F)c(-c2ccc3nnc(N)n3c2)c1,0
1301,O=C(NC1CCNCC1)c1cccc(-c2n[nH]c3cnc(-c4cccnc4)cc23)n1,1
1302,CC1(C)CC2=Nc3cc(Cl)ccc3SC2=C(O)C1,0
1303,NC(=O)c1cc2c(-c3ccc(Br)c(F)c3F)cncc2s1,0
1304,CN(C)CCCOc1cc2c(c(-c3ccc(Nc4nc5ccccc5o4)cc3)c1)CNC2=O,0
1305,FC(F)(F)c1cccc(-c2nnc3ccc(NC4CC4)nn23)c1,1
1306,Nc1ncnc2c1sc1ncnc(N)c12,0
1307,O=c1[nH]c(CNCCc2ccccc2)nc2c1sc1ccc(Br)cc12,1
1308,Fc1ccccc1-c1n[nH]c2cnc(-c3cnccc3OCC3CCNCC3)cc12,1
1309,Cc1c(-c2nc(C(=O)Nc3cnn(C)c3C3CCC(N)C(F)CO3)c(N)s2)cnn1C,1
1310,Cc1n[nH]c2ccc(-c3cncc(OCCN)c3)cc12,0
1311,CN1CCC(c2c(O)cc(O)c3c(=O)cc(-c4ccccc4Cl)oc23)C(O)C1,0
1312,O=C(NC(CO)c1ccccc1)N1CC=C(c2c[nH]c3ncccc23)CC1,0
1313,CC(C)(C)n1cc(-c2cc3c(-c4cccc(N5CCNCC5)n4)n[nH]c3cn2)cn1,1
1314,CC(O)CC#Cc1c(Cl)c2c(Cl)cc(C(N)=O)nc2n1C1CCCNC1,1
1315,CN1CCC(c2c(NC(=O)c3nc(-c4c(F)cccc4F)sc3N)cnn2C)CC1,1
1316,COCCC#Cc1c(Cl)c2c(Cl)cc(C(N)=O)nc2n1C1CCCNC1,1
1317,CNC(=O)c1cc(-c2ccc3[nH]ncc3c2)on1,0
1318,OC1CNCCN(c2cccc(-n3ncc4cnc(-c5cncc(C6COC6)c5)cc43)n2)C1,1
1319,Nc1cc(-c2ccncc2NC(=O)c2nc(-c3c(F)cccc3F)ccc2N)ncn1,1
1320,Nc1ccc(-c2c(F)cccc2F)nc1C(=O)Nc1cnccc1-c1cccnc1N,1
1321,O=C1CN(c2cccc(-c3n[nH]c4cnc(-c5cccnc5)cc34)n2)CCN1,1
1322,O=c1[nH]c(CN2CCCC(O)C2)nc2c1sc1ccc(Cl)cc12,1
1323,Cc1n[nH]c2cnc(-c3cncc(N4CCC(N)CC4)n3)cc12,1
1324,Cn1ncc(NC(=O)c2nc(-c3c(F)cccc3F)sc2N)c1C1CCNCC1,1
1325,CCn1cc(-c2cc3c(-c4cccc(N5CCNCC(F)(F)C5)n4)n[nH]c3cn2)cn1,1
1326,CC1CSc2c(C(=O)O)c(=O)c3cc(F)c(N4CCC(N)C4)cc3n21,0
1327,CN1CCN(c2ccc(Nc3ncc(Cl)c(Nc4ccc5[nH]ncc5c4)n3)cc2)CC1,0
1328,COc1cccc(C(C)NC(=O)N2CC=C(c3c[nH]c4ncccc34)CC2)c1,0
1329,Cn1ncc(NC(=O)c2nc(-c3c(F)cccc3F)sc2N)c1NCC1CCNCC1,1
1330,Nc1cc2c(Oc3ccc(Cl)cc3)cncc2s1,0
1331,O=C1CC(c2ccccc2)Cc2[nH]c3cc(Cl)ccc3c(=O)c21,0
1332,Nc1sc(-c2c(F)cccc2F)nc1C(=O)Nc1cnn(C2CC2)c1N1CCC(N)CC(F)(F)C1,1
1333,O=c1[nH]c(CNCCc2cccc(O)c2)nc2c1sc1ccc(Cl)cc12,1
1334,Cn1ncc(NC(=O)c2ccc(F)c(-c3c(F)cccc3F)n2)c1N1CCCC(N)CC1,1
1335,CCS(=O)(=O)c1ccc(-c2cncc3sc(C(N)=O)cc23)cc1,0
1336,Cn1cc(-c2cc3c(-c4cccc(NC5CCNCC5)n4)n[nH]c3cn2)cn1,1
1337,c1ccc(-c2n[nH]c3cnc(-c4cccnc4)cc23)cc1,1
1338,Cn1ncc(NC(=O)c2nc(-c3c(F)cccc3F)sc2N)c1N1CC2(CCNC2)C1,1
1339,CCOC(=O)c1ccc2[nH]c3c(c2c1)CCNC3=O,0
1340,NC(=O)Cn1cc(-c2cc3c(-c4cccc(F)n4)n[nH]c3cn2)cn1,1
1341,Cc1cncc(-c2cc3c(cn2)cnn3-c2ccc(C)c(N3CC(N)CCC3=O)n2)n1,1
1342,Cc1cncc(-c2cc3c(cn2)cnn3-c2cccc(N3CCC(O)C(O)C3)n2)n1,1
1343,Nc1nccc(-c2c(-c3ccc(F)cc3)ncn2C2CCNCC2)n1,0
1344,NC(COc1cncc(-c2ccc3[nH]c(=O)oc3c2)c1)Cc1c[nH]c2ccccc12,1
1345,NC1CCCC(Oc2cccc(-c3n[nH]c4cnc(-c5cccnc5)cc34)n2)C1,1
1346,COC1CCN(c2c(NC(=O)c3nc(-c4ncccc4F)sc3N)cnn2C)CCC1N,1
1347,Cc1cc(F)c(-c2nc(C(=O)Nc3cnn(C)c3C3CCC(N)C(F)CO3)ccc2F)c(F)c1,1
1348,NC1CCN(c2ccc(-c3n[nH]c4cnc(-c5cccnc5)cc34)nc2)C1=O,1
1349,O=c1[nH]c(CNc2cccc(O)c2)nc2c1sc1ccc(Cl)cc12,1
1350,Cn1cc(-c2cc3nc(Br)cnc3[nH]2)c2cc(C#N)ccc21,0
1351,OCCCc1cncc(-c2cc3c(cn2)cnn3-c2cccc(N3CCNCC3)n2)n1,1
1352,Cc1cncc(-c2cc3c(cn2)cnn3-c2cccc(C3CCCC(N)C3)n2)n1,1
1353,OC1CN(c2cccc(-n3ncc4cnc(-c5cnn(CC(F)(F)F)c5)cc43)n2)C1,1
1354,CNC(=O)c1cc(-c2ccccc2)[nH]n1,0
1355,Cn1cc(-c2cc3c(-c4ccccc4F)n[nH]c3cn2)cn1,1
1356,Cn1ncc(NC(=O)c2nc(-c3c(F)cccc3F)sc2N)c1C1CCC(N)CC(C)(O)C1,1
1357,Cc1nc2ccccn2c1-c1csc(Nc2ccc(O)cc2)n1,0
1358,CN1CCC(Nc2ccc3nnc(-c4cccc(C(F)(F)F)c4)n3n2)CC1,0
1359,NC(=O)c1ccc(-c2c[nH]c3nccc(Cl)c23)cc1,0
1360,CN(C)Cc1nc2c(sc3ccc(N4CCCC4)cc32)c(=O)[nH]1,1
1361,CN(C)c1cccc2c(S(=O)(=O)N(CCN)c3cncc(-c4ccc5cnccc5c4)c3)cccc12,0
1362,CC(C)Oc1ncccc1-c1nc(C(=O)Nc2cnn(C)c2C2CCC(N)C(F)CO2)cs1,1
1363,Nc1ncccc1-c1cc2c(-c3cccc(N4CCNCC4)n3)n[nH]c2cn1,1
1364,Cc1cnc(F)c(-c2nc(C(=O)Nc3cnn(C)c3N3CCCC(N)CC3)c(N)s2)c1,1
1365,Clc1cc(Cl)cc(Cn2cc(-c3ccc4[nH]ncc4c3)nn2)c1,0
1366,CC(C)OC1=NNC(=O)C1=Cc1c[nH]c2ccccc12,0
1367,O=C1N(CC2CCNC2)CCN1c1n[nH]c2cnc(-c3cccnc3)cc12,1
1368,Cc1noc(C)c1-c1nc(C(=O)Nc2cnn(C)c2N2CCCC(N)CC2)c(N)s1,1
1369,CCn1cc(-c2cc3c(-c4cccc(N5CC(C)NC(C)C5)n4)n[nH]c3cn2)cn1,1
1370,CS(=O)(=O)NC1CCC(Nc2cc(Cl)nc(-c3c[nH]c4ncccc34)n2)CC1,0
1371,NC(=O)c1cc(Cl)c2c(Cl)c(C#CC3CCCO3)n(C3CCCNC3)c2n1,1
1372,CCn1cc(-c2cc3c(-c4cccc(NC5CCCCNC5)n4)n[nH]c3cn2)cn1,1
1373,OCCNc1cc2cc(-c3ccsc3)ccc2cn1,0
1374,Cc1n[nH]c2cnc(-c3cncnc3)cc12,0
1375,NC1CCN(C(=O)C2CCN(c3n[nH]c4cnc(-c5cccnc5)cc34)C2=O)CC1,0
1376,CSc1cnc2c(ccc3cnccc32)c1O,0
1377,CC(=NNC(=N)N)c1cc(NC(=O)NCCCCCCNC(=O)Nc2cc(C(C)=NNC(=N)N)cc(C(C)=NNC(=N)N)c2)cc(C(C)=NNC(=N)N)c1,0
1378,Cc1ccc(NCc2ccc(-c3ccc(F)cc3)nc2)cc1,0
1379,NC(=O)c1cc(Cl)cc2[nH]c(-c3ccc(C4CCCNC4)cc3F)nc12,0
1380,CNC(=O)c1cc2c(-c3ccccc3F)n[nH]c2s1,0
1381,c1cc(-c2n[nH]c3cnc(N4CCOCC4)cc23)nc(N2CCNCC2)c1,1
1382,Cn1ncc(NC(=O)c2nc(Br)cnc2N)c1N1CCCC(N)C1,1
1383,CCNc1cncc(-c2cc3c(cn2)cnn3-c2cccc(N3CCNCC3)n2)n1,1
1384,c1ccc(-n2ncc3cnc(-c4cncc(NC5CNC5)n4)cc32)nc1,1
1385,CCN(CCN)C(=O)c1cccc(-n2nc(C(C)(C)C)cc2NC(=O)Nc2cccc3ccccc23)c1,0
1386,Cn1cc(-c2cc3c(cn2)cnn3-c2cccc(N3CCNCC3)n2)cn1,1
1387,Cc1cncc(-c2cc3c(cn2)cnn3-c2cccc(N3CCCNC3=O)n2)n1,1
1388,COc1cc2ncn(-c3cc(OCc4ccccc4C(F)(F)F)c(C(=O)O)s3)c2cc1OC,0
1389,CCN(CC)CCOc1ccc(-c2nc3c(C(N)=O)cccc3[nH]2)cc1,0
1390,CS(=O)(=O)CCn1cc(-c2cc3c(cn2)cnn3-c2cccc(N3CCCNCC3)n2)cn1,1
1391,COc1cc2cnc3c(c2cc1OC)C(=O)NC3=O,0
1392,NCC1CCN(c2cncc(-c3cc4c(-c5ccccc5F)n[nH]c4cn3)c2)CC1,1
1393,CN(C)CCOc1cccc(-c2nc3c(C(N)=O)cccc3[nH]2)c1,0
1394,O=C(O)c1ccccc1Nc1ncnc(Nc2ccc3cn[nH]c3c2)n1,0
1395,Cc1ccc(-c2cc3c(-c4cccc(N5CCNCC5)n4)n[nH]c3cn2)cn1,1
1396,Cn1ncc(-c2cc3c(cn2)cnn3-c2ccccc2F)c1C1=CCNCC1,0
1397,Cn1ncc(NC(=O)c2csc(-n3cccn3)n2)c1C1CCC(N)C(F)CO1,1
1398,OCC1CCCN1c1cncc(-c2cc3c(cn2)cnn3-c2cccc(N3CCNCC3)n2)n1,1
1399,CN(C)Cc1nc2c(sc3ccc(Br)cc32)c(=O)[nH]1,1
1400,NC(COc1cc(C=Cc2ccncc2)cnc1Cl)Cc1c[nH]c2ccccc12,0
1401,CCn1c(C)c(-c2ccnc(Nc3cccc(OC)c3)n2)sc1=O,0
1402,CN(C)Cc1nc2c(sc3ccc(-c4ccc(O)cc4)cc32)c(=O)[nH]1,1
1403,COC1CCN(c2c(NC(=O)c3nc(-c4ccccc4F)sc3N)cnn2C)CCC1N,1
1404,CCn1cc(-c2cc3c(cn2)cnn3-c2cccc(N3CCCNCC3)n2)cn1,1
1405,COc1ccc(C(F)F)c(F)c1-c1nc(C(=O)Nc2cnn(C)c2C2CCC(N)C(F)CO2)cs1,1
1406,Cn1ncc(NC(=O)c2nc(-c3c(F)cccc3F)sc2N)c1N1CCC2(CCNC2=O)CC1,1
1407,Cc1cncc(-c2cc3c(cn2)cnn3-c2cccc(OC3CCCC(N)C3)n2)n1,1
1408,CN(C)Cc1nc2c(sc3ccc(-c4cc(F)cc(Cl)c4)cc32)c(=O)[nH]1,1
1409,Fc1ccccc1-c1n[nH]c2cnc(-c3cccnc3)cc12,0
1410,c1ccc(-c2n[nH]cc2-c2ccncc2)cc1,0
1411,NC(COc1cncc(-c2cc3ccncc3s2)c1)Cc1c[nH]c2ccccc12,1
1412,Cc1ccc(F)c(NC(=O)Nc2ccc(-c3coc4c(C#CCN5CCOCC5)cnc(N)c34)cc2)c1,0
1413,CC(C)(O)c1cn(-c2ccc3[nH]ncc3c2)nn1,0
1414,CS(=O)(=O)c1cccc(-c2cnn3c(C(N)=O)cc(-c4ccccc4)nc23)c1,0
1415,CCn1cc(-c2cc3c(-c4cccc(N5CCNCC(F)C5)n4)n[nH]c3cn2)cn1,1
1416,Cc1ccc(-c2n[nH]c3cnc(-c4cccnc4)cc23)nc1N1CC(N2CCNC(=O)C2)C1,1
1417,c1ccc(-c2n[nH]c3cnc(-n4ccnc4)cc23)cc1,1
1418,O=C(Nc1ccccc1N1CCCCC1)c1cscn1,0
1419,c1cc2cc(-c3ccc4cn[nH]c4c3)cnc2[nH]1,0
1420,FC(F)(F)c1ccccc1CNc1nccc(-c2c[nH]c3ncccc23)n1,0
1421,Clc1ccc(Cn2cc(-c3ccc4[nH]ncc4c3)nn2)cc1,0
1422,Cc1nn(C)cc1-c1nc(C(=O)Nc2cnn(C)c2C2CCC(N)C(F)CO2)c(N)s1,1
1423,NC1CCN(c2cccc(-c3n[nH]c4cnc(-c5cccnc5)cc34)n2)CC1,1
1424,Nc1ccc(-c2ccccc2C(F)(F)F)nc1C(=O)Nc1cnccc1N1CCCC(N)C1,1
1425,NC(=O)c1cc(Cl)c2c(Cl)c(C#CCCO)n(C3CCCNC3)c2n1,1
1426,Nc1cc(-c2ccncc2NC(=O)c2nc(-c3ccccc3F)ccc2N)nc(N)n1,1
1427,Cn1ncc(NC(=O)c2nc(-c3c(F)cccc3F)sc2N)c1N1CCCC(C)(N)CC1,1
1428,Cc1ccc(-c2cc(-c3cc(Br)ccc3O)[nH]c(=O)c2C#N)s1,0
1429,Cn1ncc(NC(=O)c2csc(-c3ccncc3F)n2)c1C1CCC(N)C(F)CO1,1
1430,OCCNc1cncc(-c2cc3c(cn2)cnn3-c2cccc(N3CCNCC3)n2)n1,1
1431,CCn1cc(-c2cc3c(-c4cccc(N5CCN(C(C)=O)CC5)n4)n[nH]c3cn2)cn1,1
1432,Nc1sc(-c2c(F)cccc2F)nc1C(=O)Nc1cnn(C2CC2)c1N1CCC(N)C(F)CC1,1
1433,CNCC(=O)NC1CCC(Nc2nc(Cl)cc(-c3c[nH]c4ncccc34)n2)CC1,1
1434,Nc1sc(-c2c(F)cccc2F)nc1C(=O)Nc1cnn(CC(F)F)c1N1CCCC(O)CC1,1
1435,Cn1ncc(NC(=O)c2nc(-c3ccccc3F)ccc2N)c1N1CCCC(CN)C1,1
1436,N#Cc1ncc2nc1OCCCCCOc1cc(OCC(O)CO)c(Cl)cc1NC(=O)N2,0
1437,NC1CCN(c2ccncc2-c2cc3c(-c4ccccc4F)n[nH]c3cn2)CC1,0
1438,Cc1ccc(-c2n[nH]c3cnc(-c4cnn(C)c4)cc23)nc1N1CC(N2CCNC(=O)C2)C1,1
1439,Cc1n[nH]c2cnc(-c3cncc(F)c3)cc12,0
1440,c1cc(N2CCCNCC2)nc(-n2ncc3cnc(-c4cncc(C5CC5)c4)cc32)c1,1
1441,CCC1(CN)COC(c2c(NC(=O)c3nc(-c4c(F)cccc4F)sc3N)cnn2C)OC1,1
1442,Cc1cncc(-c2ccc3cnn(-c4cccc(N5CCCNCC5)n4)c3c2)n1,1
